Date_Part,Pressure,Temperature,Dataset,Pressure_Norm
2018-07-01_1,123.31735326086958,17.368423913043472,Dataset1,0.046595709429163454
2018-07-01_2,155.90097142857147,25.207476190476193,Dataset1,0.633256674387612
2018-07-01_3,149.05809374999993,23.481749999999998,Dataset1,0.5100521486857156
2018-07-02_1,124.79538888888888,16.710111111111114,Dataset1,0.0732074197467204
2018-07-02_2,156.55619902912616,25.170291262135926,Dataset1,0.6450539049600552
2018-07-02_3,152.81038125,25.717000000000013,Dataset1,0.5776112697821444
2018-07-03_1,124.20526063829787,16.429095744680847,Dataset1,0.06258228882482257
2018-07-03_2,160.67246601941753,28.45674757281555,Dataset1,0.7191663976894426
2018-07-03_3,152.78257051282057,27.066217948717956,Dataset1,0.5771105435022721
2018-07-04_1,127.11360752688172,16.705268817204306,Dataset1,0.11494644259402449
2018-07-04_2,159.02067942583736,26.403971291866036,Dataset1,0.6894263389916114
2018-07-04_3,154.33535185185187,26.46092592592591,Dataset1,0.6050680341049747
2018-07-05_1,129.45183606557373,17.380109289617476,Dataset1,0.15704573935543095
2018-07-05_2,162.03821463414636,28.656780487804877,Dataset1,0.743756404731745
2018-07-05_3,154.2076987951807,26.74939759036145,Dataset1,0.6027696685575649
2018-07-06_1,132.1108,16.63311111111112,Dataset1,0.2049198072238814
2018-07-06_2,164.52329702970297,30.210495049504942,Dataset1,0.7884997732758688
2018-07-06_3,158.21540740740735,30.310246913580254,Dataset1,0.6749275912787358
2018-07-07_1,139.32056284153015,18.28158469945355,Dataset1,0.3347300205637327
2018-07-07_2,167.59375980392156,31.663627450980407,Dataset1,0.8437827883394816
2018-07-07_3,160.04287499999998,32.22075000000001,Dataset1,0.7078307481897566
2018-07-08_1,141.34648888888884,19.20566666666668,Dataset1,0.37120637882943397
2018-07-08_2,167.00289855072464,31.60328502415458,Dataset1,0.8331444598649398
2018-07-08_3,159.0033167701864,31.620496894409953,Dataset1,0.6891137281493773
2018-07-09_1,144.16515300546445,20.388797814207653,Dataset1,0.42195581377595287
2018-07-09_2,169.0207962085307,32.62853080568722,Dataset1,0.8694762687212486
2018-07-09_3,159.1029940119761,31.63179640718564,Dataset1,0.6909083952287601
2018-07-10_1,145.29825668449195,19.38914438502674,Dataset1,0.44235709930277517
2018-07-10_2,164.6384481132075,28.32915094339622,Dataset1,0.7905730435129886
2018-07-10_3,154.1886,26.386375000000005,Dataset1,0.6024257989003469
2018-07-11_1,139.8947336956522,17.961141304347827,Dataset1,0.34506784202961754
2018-07-11_2,160.04774761904756,26.675142857142866,Dataset1,0.7079184786369283
2018-07-11_3,153.26610843373493,25.009457831325307,Dataset1,0.5858165386995399
2018-07-12_1,138.1370209424084,18.160052356020945,Dataset1,0.3134206058439222
2018-07-12_2,156.18707582938399,24.232227488151654,Dataset1,0.638407921956119
2018-07-12_3,153.91645061728403,24.09666666666666,Dataset1,0.597525808400358
2018-07-13_1,131.41677011494252,15.510574712643669,Dataset1,0.1924239499503813
2018-07-13_2,159.00552631578944,25.51732057416266,Dataset1,0.6891535105378443
2018-07-13_3,155.38752760736196,25.39950920245399,Dataset1,0.6240122299538352
2018-07-14_1,132.42500543478258,15.102336956521741,Dataset1,0.21057700780289645
2018-07-14_2,158.58976525821598,25.36840375586856,Dataset1,0.6816678230376769
2018-07-14_3,152.48766060606062,23.566303030303033,Dataset1,0.5718007547125453
2018-07-15_1,136.62410526315793,16.35384210526317,Dataset1,0.2861808877830947
2018-07-15_2,155.03414975845405,24.110724637681166,Dataset1,0.6176497385703352
2018-07-15_3,152.5837185628742,23.33323353293413,Dataset1,0.5735302573523735
2018-07-16_1,135.28552197802193,16.50186813186813,Dataset1,0.26207998659730963
2018-07-16_2,161.24377142857148,27.474238095238096,Dataset1,0.7294526274413141
2018-07-16_3,158.1912012195122,28.515914634146355,Dataset1,0.6744917641254883
2018-07-17_1,141.5231693989071,16.690163934426227,Dataset1,0.3743874730210976
2018-07-17_2,164.08584615384618,32.01764423076924,Dataset1,0.7806235653105283
2018-07-17_3,152.99057407407403,30.82327160493827,Dataset1,0.5808556024251853
2018-07-18_1,144.44591803278684,16.453114754098355,Dataset1,0.4270109270849717
2018-07-18_2,161.92204878048787,29.58941463414634,Dataset1,0.7416648637785042
2018-07-18_3,150.7646848484848,29.470666666666677,Dataset1,0.5407789505857896
2018-07-19_1,138.80868852459017,16.61672131147541,Dataset1,0.3255138347132883
2018-07-19_2,166.1432775119618,28.924545454545452,Dataset1,0.8176671698505644
2018-07-19_3,156.9961646341463,28.946341463414623,Dataset1,0.652975390077552
2018-07-20_1,147.21043243243244,17.98875675675676,Dataset1,0.476785408144452
2018-07-20_2,163.64821256038658,29.97420289855073,Dataset1,0.7727440675544526
2018-07-20_3,149.22299382716045,28.67253086419753,Dataset1,0.5130211387435665
2018-07-21_1,142.18304255319154,19.394148936170204,Dataset1,0.3862683457790044
2018-07-21_2,160.022531707317,29.474829268292687,Dataset1,0.7074644716254289
2018-07-21_3,146.00016265060245,28.313975903614452,Dataset1,0.4549947637042274
2018-07-22_1,133.29098924731184,16.590053763440864,Dataset1,0.22616885817635812
2018-07-22_2,157.86916746411484,29.133588516746407,Dataset1,0.668693616334833
2018-07-22_3,144.65840243902434,29.322560975609754,Dataset1,0.43083666264817205
2018-07-23_1,129.6243097826088,16.738532608695653,Dataset1,0.1601510911535337
2018-07-23_2,165.03500952380955,29.900476190476184,Dataset1,0.7977130455413606
2018-07-23_3,151.5165534591195,28.43301886792453,Dataset1,0.5543161815454305
2018-07-24_1,139.80600000000004,17.480806451612906,Dataset1,0.3434702111204992
2018-07-24_2,159.18503333333328,27.40119047619049,Dataset1,0.6923854953833294
2018-07-24_3,144.4501463414635,27.590121951219515,Dataset1,0.4270870568639184
2018-07-25_1,132.68423118279568,17.25758064516129,Dataset1,0.21524431106825914
2018-07-25_2,156.92066350710897,28.955071090047383,Dataset1,0.6516160086910158
2018-07-25_3,140.37494375,27.20987500000001,Dataset1,0.3537139197124722
2018-07-26_1,128.8539784946237,16.574784946236555,Dataset1,0.1462814436999864
2018-07-26_2,160.82642718446596,27.56058252427183,Dataset1,0.7219384350116504
2018-07-26_3,151.39688554216872,28.053915662650592,Dataset1,0.5521615867035812
2018-07-27_1,138.29848876404498,16.868988764044946,Dataset1,0.3163277988868649
2018-07-27_2,159.99989705882348,28.595882352941164,Dataset1,0.7070569396976252
2018-07-27_3,146.27253293413176,29.209461077844303,Dataset1,0.45989873147536037
2018-07-28_1,135.84342473118275,19.783064516129045,Dataset1,0.2721249044403113
2018-07-28_2,156.61737198067632,29.8948309178744,Dataset1,0.6461553106603389
2018-07-28_3,138.41467682926825,26.817073170731703,Dataset1,0.3184197397545032
2018-07-29_1,131.51442702702695,19.101243243243236,Dataset1,0.19418224143242133
2018-07-29_2,152.0887487922706,27.971884057971025,Dataset1,0.5646184341854973
2018-07-29_3,135.4003742331289,25.814601226993847,Dataset1,0.26414787649406446
2018-07-30_1,127.04027807486631,17.97385026737969,Dataset1,0.11362616174437103
2018-07-30_2,161.04631343283586,28.380696517412932,Dataset1,0.7258974391340854
2018-07-30_3,146.99832515337417,27.82079754601228,Dataset1,0.47296646267416714
2018-07-31_1,136.457871657754,16.761016042780735,Dataset1,0.28318788783898596
2018-07-31_2,169.9435227272727,37.32295454545456,Dataset1,0.8860897591903492
2018-07-31_3,152.0928220858895,34.29871165644172,Dataset1,0.5646917729520129
2018-08-01_1,133.6425555555555,20.53588888888888,Dataset1,0.2324987331638311
2018-08-01_2,163.23478571428566,33.65188311688313,Dataset1,0.7653004070246434
2018-08-01_3,143.39346206896553,33.68648275862069,Dataset1,0.40806168614635474
2018-08-02_1,136.75531914893622,22.536808510638295,Dataset1,0.2885433652848396
2018-08-02_2,176.27018840579711,37.68004830917873,Dataset1,1.0
2018-08-02_3,155.69307975460129,35.50349693251534,Dataset1,0.6295136299709221
2018-08-03_1,149.12526737967914,23.015026737967926,Dataset1,0.5112615952918151
2018-08-03_2,172.30201428571416,37.63509523809524,Dataset1,0.9285538872193579
2018-08-03_3,152.2234379084967,36.978562091503264,Dataset1,0.5670434824563161
2018-08-04_1,140.74391304347822,24.845054347826068,Dataset1,0.3603571316675684
2018-08-04_2,161.67764215686276,35.117598039215665,Dataset1,0.7372643756276741
2018-08-04_3,142.57711042944786,33.23969325153375,Dataset1,0.3933634522633056
2018-08-05_1,131.82143169398904,21.023442622950828,Dataset1,0.19970979375149603
2018-08-05_2,160.14541428571428,34.829380952380966,Dataset1,0.7096769457481029
2018-08-05_3,141.79639622641508,34.438238993710705,Dataset1,0.3793068626804466
2018-08-06_1,129.34726666666666,20.748722222222238,Dataset1,0.1551629900501755
2018-08-06_2,168.42157416267943,34.9418181818182,Dataset1,0.8586874059916964
2018-08-06_3,156.74151234567904,35.358148148148175,Dataset1,0.6483904309575371
2018-08-07_1,150.34314594594593,23.445783783783774,Dataset1,0.5331892342424983
2018-08-07_2,173.20172330097094,32.69538834951459,Dataset1,0.9447529525397206
2018-08-07_3,165.70366666666675,33.530363636363646,Dataset1,0.8097520721048317
2018-08-08_1,157.1362727272728,22.10989304812834,Dataset1,0.6554980058499633
2018-08-08_2,165.6004170616114,29.68317535545025,Dataset1,0.8078930854010964
2018-08-08_3,156.590503030303,28.06048484848485,Dataset1,0.6456715410472683
2018-08-09_1,150.6667513513513,18.92335135135135,Dataset1,0.539015679250041
2018-08-09_2,163.17620772946844,28.68830917874395,Dataset1,0.7642457231365215
2018-08-09_3,153.8330613496932,28.504846625766877,Dataset1,0.5960244027571839
2018-08-10_1,144.8317096774193,16.935645161290328,Dataset1,0.43395702181724216
2018-08-10_2,165.46045631067955,31.325388349514583,Dataset1,0.8053731224928831
2018-08-10_3,155.2487716049382,32.28820987654323,Dataset1,0.6215139582807285
2018-08-11_1,144.78697311827963,19.922688172043014,Dataset1,0.4331515497908172
2018-08-11_2,162.15200000000007,32.24920560747661,Dataset1,0.7458050855193211
2018-08-11_3,151.28153939393943,32.7558787878788,Dataset1,0.5500848043684778
2018-08-12_1,143.1674210526316,22.644368421052622,Dataset1,0.40399186676410753
2018-08-12_2,165.11634951456318,32.459757281553394,Dataset1,0.7991775544003717
2018-08-12_3,151.20488819875774,30.16838509316771,Dataset1,0.548704716254903
2018-08-13_1,146.69857065217388,20.897173913043474,Dataset1,0.4675694480142326
2018-08-13_2,157.8010478468899,30.1166985645933,Dataset1,0.6674671374285281
2018-08-13_3,141.93488271604951,28.248765432098782,Dataset1,0.3818002818343445
2018-08-14_1,139.11092021276596,19.70648936170213,Dataset1,0.3309554505864447
2018-08-14_2,154.47731603773582,29.11075471698112,Dataset1,0.6076240684241705
2018-08-14_3,138.93953658536586,28.16152439024387,Dataset1,0.3278697256153521
2018-08-15_1,131.70307692307694,17.27467032967034,Dataset1,0.19757884181873744
2018-08-15_2,156.428701421801,27.231374407582944,Dataset1,0.6427583382443425
2018-08-15_3,141.38854938271612,25.31098765432098,Dataset1,0.3719636688813963
2018-08-16_1,143.6637717391304,18.92619565217392,Dataset1,0.4129285530216151
2018-08-16_2,149.83272511848352,25.36947867298576,Dataset1,0.5239992181542663
2018-08-16_3,136.00359999999998,25.40181818181817,Dataset1,0.2750088253506029
2018-08-17_1,134.90692021276598,18.206063829787244,Dataset1,0.25526334408091184
2018-08-17_2,153.2441415094339,29.26858490566036,Dataset1,0.5854210290007308
2018-08-17_3,140.80362500000007,30.40743750000002,Dataset1,0.36143223246982953
2018-08-18_1,130.71765193370163,20.507569060773474,Dataset1,0.17983647900974375
2018-08-18_2,156.57312676056333,32.7242253521127,Dataset1,0.6453586850863252
2018-08-18_3,142.72899397590362,33.525,Dataset1,0.3960980825142018
2018-08-19_1,126.88430601092895,21.691967213114758,Dataset1,0.11081791862461982
2018-08-19_2,153.5188640776699,33.277815533980586,Dataset1,0.5903673491468757
2018-08-19_3,137.93459509202458,32.699938650306734,Dataset1,0.30977597239322613
2018-08-20_1,125.62026881720435,22.523978494623666,Dataset1,0.0880592036164471
2018-08-20_2,159.03582296650728,32.82913875598085,Dataset1,0.6896989951508072
2018-08-20_3,147.60386666666662,32.714545454545444,Dataset1,0.4838691060418298
2018-08-21_1,133.95485026737967,21.73101604278076,Dataset1,0.23812153159116448
2018-08-21_2,157.43565727699527,33.13868544600938,Dataset1,0.6608883596139273
2018-08-21_3,142.27492727272727,32.5439393939394,Dataset1,0.38792271018845476
2018-08-22_1,125.58676595744687,20.96074468085107,Dataset1,0.08745599190640838
2018-08-22_2,154.01699519230766,32.17442307692309,Dataset1,0.5993360916261531
2018-08-22_3,139.1636809815951,32.17766871165643,Dataset1,0.331905396764734
2018-08-23_1,125.56013903743309,21.222566844919786,Dataset1,0.08697657999736993
2018-08-23_2,161.38723809523793,32.26780952380951,Dataset1,0.7320357136005223
2018-08-23_3,148.1472073170731,31.194451219512203,Dataset1,0.4936518363889644
2018-08-24_1,132.74054347826083,20.393967391304347,Dataset1,0.21625820171191257
2018-08-24_2,159.54726886792463,32.47485849056603,Dataset1,0.6989074674728577
2018-08-24_3,143.09091566265053,31.980542168674727,Dataset1,0.4026144038414876
2018-08-25_1,127.05583870967739,21.276612903225807,Dataset1,0.11390632759294717
2018-08-25_2,153.91015566037743,31.686226415094332,Dataset1,0.5974124690690968
2018-08-25_3,137.56137575757575,30.585757575757608,Dataset1,0.3030562393739527
2018-08-26_1,120.91103260869562,18.550108695652163,Dataset1,0.003270428960368135
2018-08-26_2,154.23209478672987,31.751469194312808,Dataset1,0.6032089130843603
2018-08-26_3,139.57746249999997,32.06456250000001,Dataset1,0.3393554430923085
2018-08-27_1,120.72939037433156,20.485294117647058,Dataset1,0.0
2018-08-27_2,159.0643708920188,31.158403755868544,Dataset1,0.6902129943464135
2018-08-27_3,147.42322560975606,31.453597560975602,Dataset1,0.4806167030639644
2018-08-28_1,133.64508556149738,21.990053475935834,Dataset1,0.23254428537106522
2018-08-28_2,154.0615769230769,30.136153846153867,Dataset1,0.6001387760014114
2018-08-28_3,135.50977710843372,28.407409638554228,Dataset1,0.2661176514915869
2018-08-29_1,126.00452972972975,19.94708108108108,Dataset1,0.09497773784974549
2018-08-29_2,146.90870813397126,27.624258373205755,Dataset1,0.4713529277128557
2018-08-29_3,132.10906134969332,27.23662576687118,Dataset1,0.20488850320290378
2018-08-30_1,120.93378378378377,18.081837837837835,Dataset1,0.003680058924187829
2018-08-30_2,148.1235242718447,28.5347572815534,Dataset1,0.493225428305757
2018-08-30_3,136.9574337349398,30.35849397590364,Dataset1,0.29218239448800426
2018-08-31_1,122.5038870967742,21.694892473118284,Dataset1,0.0319494279041029
2018-08-31_2,166.6128357487922,32.959710144927534,Dataset1,0.8261214638735705
2018-08-31_3,153.2423878787878,32.67333333333335,Dataset1,0.5853894552619976
2018-09-01_1,134.48394179894183,20.38777777777777,Dataset1,0.24764770964972266
2018-09-01_2,171.08259113300494,33.079852216748776,Dataset1,0.9065984383254047
2018-09-01_3,156.75273780487805,32.157743902439044,Dataset1,0.6485925429112158
2018-09-02_1,142.99789839572193,21.4679679144385,Dataset1,0.4009396481623218
2018-09-02_2,169.91545754716984,32.60353773584906,Dataset1,0.885584451720929
2018-09-02_3,155.6743818181818,30.078787878787875,Dataset1,0.6291769776885966
2018-09-03_1,147.46640641711232,21.70550802139038,Dataset1,0.4813941641175813
2018-09-03_2,157.58737745098037,26.502745098039217,Dataset1,0.6636200483789887
2018-09-03_3,148.9326149068323,23.378012422360257,Dataset1,0.5077929293799983
2018-09-04_1,148.68517391304349,20.186141304347824,Dataset1,0.5033378080537144
2018-09-04_2,159.37612019230784,25.898605769230755,Dataset1,0.6958259727575705
2018-09-04_3,151.67769753086415,24.20574074074075,Dataset1,0.5572175455419174
2018-09-05_1,140.98196791443857,17.59347593582888,Dataset1,0.3646432578918529
2018-09-05_2,158.089519047619,25.67385714285715,Dataset1,0.6726609987152471
2018-09-05_3,152.66237951807224,24.332891566265044,Dataset1,0.5749465307583386
2018-09-06_1,136.4716338797814,17.846120218579244,Dataset1,0.28343567365617206
2018-09-06_2,159.55158293838844,26.421090047393356,Dataset1,0.6989851413741467
2018-09-06_3,151.17203205128206,24.364423076923067,Dataset1,0.5481131484589727
2018-09-07_1,131.02219459459474,17.301783783783783,Dataset1,0.18531970344452003
2018-09-07_2,156.4081666666667,25.472142857142867,Dataset1,0.6423886144401817
2018-09-07_3,152.74483333333328,24.761111111111106,Dataset1,0.5764310937855807
2018-09-08_1,130.37225945945943,17.907081081081074,Dataset1,0.17361776256194394
2018-09-08_2,147.90078571428575,23.288238095238086,Dataset1,0.4892150689761563
2018-09-08_3,148.9312345679012,24.037530864197528,Dataset1,0.5077680766774804
2018-09-09_1,126.75664480874319,17.951748633879774,Dataset1,0.10851940641898966
2018-09-09_2,154.0199658536585,26.82717073170734,Dataset1,0.5993895777382748
2018-09-09_3,151.43169325153383,26.517852760736208,Dataset1,0.5527882919472723
2018-09-10_1,126.60825396825402,17.887089947089937,Dataset1,0.10584766158008578
2018-09-10_2,159.32230143540673,27.959377990430593,Dataset1,0.6948569777339373
2018-09-10_3,156.14564634146333,28.95743902439024,Dataset1,0.637661993028393
2018-09-11_1,130.68535714285719,20.767472527472517,Dataset1,0.17925501831798074
2018-09-11_2,160.0441428571429,30.005047619047634,Dataset1,0.7078535756821199
2018-09-11_3,154.2867677419356,29.509741935483866,Dataset1,0.6041932877628577
2018-09-12_1,128.85189893617022,20.801968085106385,Dataset1,0.14624400170190224
2018-09-12_2,160.1377666666667,30.41547619047619,Dataset1,0.7095392520289155
2018-09-12_3,153.2408909090908,29.121030303030306,Dataset1,0.5853625026478823
2018-09-13_1,128.5299243243243,21.5755135135135,Dataset1,0.14044691877803953
2018-09-13_2,148.89932057416274,27.44191387559811,Dataset1,0.5071934721548664
2018-09-13_3,145.16079268292688,25.899695121951225,Dataset1,0.439882089824388
2018-09-14_1,124.49776216216216,20.485405405405405,Dataset1,0.06784871520383458
2018-09-14_2,142.3692344497608,25.456555023923432,Dataset1,0.389620690418773
2018-09-14_3,137.84267682926844,22.803963414634136,Dataset1,0.3081210040453809
2018-09-15_1,123.88408556149732,18.799465240641705,Dataset1,0.056799601355719195
2018-09-15_2,143.19585148514844,25.232178217821776,Dataset1,0.40450375052387516
2018-09-15_3,141.70761445783123,25.749156626506032,Dataset1,0.37770836622863907
2018-09-16_1,123.15097826086958,20.886576086956524,Dataset1,0.043600163706076334
2018-09-16_2,147.47150239234446,27.25588516746411,Dataset1,0.4814859160443226
2018-09-16_3,145.95637195121947,28.31780487804878,Dataset1,0.454206321677194
2018-09-17_1,122.81063243243241,20.679297297297296,Dataset1,0.03747231101940178
2018-09-17_2,149.93322169811324,28.525896226415075,Dataset1,0.525808637233423
2018-09-17_3,143.99473170731713,28.365609756097555,Dataset1,0.41888741533395046
2018-09-18_1,122.6345483870968,21.392634408602138,Dataset1,0.0343019560447423
2018-09-18_2,148.07910849056603,28.40245283018869,Dataset1,0.4924257318150168
2018-09-18_3,143.31706097560973,27.653963414634163,Dataset1,0.40668610106180997
2018-09-19_1,122.34956149732619,20.751443850267385,Dataset1,0.02917082901971912
2018-09-19_2,149.9082571428572,28.989619047619033,Dataset1,0.5253591558406294
2018-09-19_3,146.7722215568862,29.275329341317345,Dataset1,0.4688955165498446
2018-09-20_1,123.34125268817199,20.830752688172044,Dataset1,0.04702601342459526
2018-09-20_2,150.9573601895734,28.956303317535564,Dataset1,0.5442480282353301
2018-09-20_3,144.40564814814817,28.279999999999994,Dataset1,0.42628587656236583
2018-09-21_1,123.84758288770047,20.01844919786096,Dataset1,0.05614237864573641
2018-09-21_2,150.52862801932366,29.061062801932373,Dataset1,0.5365287986699422
2018-09-21_3,146.49800000000005,28.667317073170725,Dataset1,0.46395821700418827
2018-09-22_1,124.99010695187174,20.115240641711228,Dataset1,0.07671327616010043
2018-09-22_2,157.3452843137255,31.237990196078425,Dataset1,0.6592612140475533
2018-09-22_3,149.19751552795032,30.315403726708062,Dataset1,0.5125624075025119
2018-09-23_1,125.17201063829779,19.50393617021276,Dataset1,0.07998841250803335
2018-09-23_2,161.03155288461542,31.68692307692309,Dataset1,0.7256316786707216
2018-09-23_3,149.00898148148153,30.24876543209876,Dataset1,0.509167892962732
2018-09-24_1,124.44158201058212,18.772222222222222,Dataset1,0.0668372037821188
2018-09-24_2,159.6359521531101,31.1385645933014,Dataset1,0.700504190752477
2018-09-24_3,149.8535398773007,31.06582822085891,Dataset1,0.5243739833638945
2018-09-25_1,124.12854594594596,18.869675675675687,Dataset1,0.0612010574584952
2018-09-25_2,158.8748173076924,30.14850961538462,Dataset1,0.6868001232490448
2018-09-25_3,149.4047423312884,30.19368098159509,Dataset1,0.5162934810679416
2018-09-26_1,125.08868478260875,20.198858695652156,Dataset1,0.0784881485823722
2018-09-26_2,158.15931279620855,30.618720379146932,Dataset1,0.6739176199929969
2018-09-26_3,146.9701951219513,29.605487804878035,Dataset1,0.4724599875708217
2018-09-27_1,125.7145217391305,22.26407608695653,Dataset1,0.08975620699534631
2018-09-27_2,153.06519905213264,28.709526066350698,Dataset1,0.5821992089397394
2018-09-27_3,143.07432499999993,27.301125000000003,Dataset1,0.40231569256547745
2018-09-28_1,123.1055661375661,19.24772486772485,Dataset1,0.04278252829367641
2018-09-28_2,149.7751004784689,27.024401913875582,Dataset1,0.5229616990321609
2018-09-28_3,142.77692638036814,26.17012269938649,Dataset1,0.39696109504127
2018-09-29_1,121.97811111111112,18.443386243386243,Dataset1,0.022482945529016744
2018-09-29_2,147.80012499999998,26.48639423076924,Dataset1,0.48740269468818265
2018-09-29_3,141.65013580246912,25.753703703703724,Dataset1,0.3766734755284813
2018-09-30_1,122.27624064171128,19.046096256684475,Dataset1,0.02785070294638883
2018-09-30_2,150.5128612440192,27.338325358851677,Dataset1,0.5362449213065754
2018-09-30_3,143.14319254658386,26.491925465838513,Dataset1,0.40355563777737224
2018-07-01_1,127.1563627204029,17.37515113350126,Dataset3,0.1576004903574143
2018-07-01_2,152.6037973568281,25.376211453744514,Dataset3,0.7414802057742377
2018-07-01_3,148.95775035868,23.35202295552365,Dataset3,0.6578233297829791
2018-07-02_1,130.33306422018356,16.69581913499344,Dataset3,0.23048844916962286
2018-07-02_2,153.21620294784577,25.191099773242634,Dataset3,0.7555315711598568
2018-07-02_3,152.36173274596175,25.411497797356827,Dataset3,0.735926144308929
2018-07-03_1,129.76947029077104,16.44677623261693,Dataset3,0.21755704497043485
2018-07-03_2,157.25124663677138,28.537264573991017,Dataset3,0.8481137977946788
2018-07-03_3,151.48707369942204,26.867312138728323,Dataset3,0.7158574936776647
2018-07-04_1,131.64261460957175,16.726057934508805,Dataset3,0.2605354821851041
2018-07-04_2,156.15352198421675,26.59735062006765,Dataset3,0.8229270091498935
2018-07-04_3,153.10185714285706,26.35203463203464,Dataset3,0.7529079591129139
2018-07-05_1,132.7016,17.388593548387103,Dataset3,0.2848334162294564
2018-07-05_2,158.12845011337876,28.597573696145126,Dataset3,0.868240829206758
2018-07-05_3,153.13829454022996,26.46783045977015,Dataset3,0.7537439984824058
2018-07-06_1,135.94321855146134,16.665883100381187,Dataset3,0.3592108670161036
2018-07-06_2,160.39174450867043,30.173722543352593,Dataset3,0.9201710809711469
2018-07-06_3,156.77753618906928,30.103412112259953,Dataset3,0.8372447288552749
2018-07-07_1,140.85015989847707,18.24322335025383,Dataset3,0.4717983854908172
2018-07-07_2,163.1698125000001,31.748252314814817,Dataset3,0.983912576778522
2018-07-07_3,157.78423283582075,31.896149253731355,Dataset3,0.8603429216599421
2018-07-08_1,142.02578233034566,19.276888604353378,Dataset3,0.49877250295154263
2018-07-08_2,162.7732043132803,31.738422247446106,Dataset3,0.9748125838518298
2018-07-08_3,156.40638439716332,31.323460992907787,Dataset3,0.8287288212311601
2018-07-09_1,143.9324314465409,20.409937106918246,Dataset3,0.5425196923743347
2018-07-09_2,162.89796878363825,32.73779332615716,Dataset3,0.9776752473968008
2018-07-09_3,155.4961143654115,31.348828451882856,Dataset3,0.8078430928783716
2018-07-10_1,144.7218072289156,19.41444578313253,Dataset3,0.5606315576273507
2018-07-10_2,159.82712405609507,28.53629989212518,Dataset3,0.9072161236688367
2018-07-10_3,152.12686382978714,26.20246808510637,Dataset3,0.7305371847577767
2018-07-11_1,139.85007740324588,17.962759051186012,Dataset3,0.448851951358981
2018-07-11_2,154.8614539473684,26.70825657894736,Dataset3,0.793281100694574
2018-07-11_3,150.30388342696625,24.763216292134835,Dataset3,0.6887097355859089
2018-07-12_1,138.08183313032876,18.160267965895265,Dataset3,0.4082803975812007
2018-07-12_2,148.62842675893887,24.070000000000004,Dataset3,0.6502671508421891
2018-07-12_3,146.77813271604947,23.84087962962961,Dataset3,0.6078130027272625
2018-07-13_1,129.02741939890709,15.554330601092909,Dataset3,0.20053102762304575
2018-07-13_2,150.76228915662645,25.558084337349417,Dataset3,0.6992276447898614
2018-07-13_3,148.3182799377916,25.141648522550522,Dataset3,0.6431509742901648
2018-07-14_1,130.566227520436,15.114305177111726,Dataset3,0.23583827414577882
2018-07-14_2,150.74659710494575,25.536188178528366,Dataset3,0.6988675978617315
2018-07-14_3,145.73452968750007,23.370718749999995,Dataset3,0.5838680099205865
2018-07-15_1,134.2085889487871,16.362587601078193,Dataset3,0.3194105864285549
2018-07-15_2,147.99686369119416,24.251809408926423,Dataset3,0.6357762259402848
2018-07-15_3,146.65341627543043,23.223755868544607,Dataset3,0.6049514412026202
2018-07-16_1,134.50153517241378,16.504868965517236,Dataset3,0.3261321031600977
2018-07-16_2,153.52068561064073,27.730713422007266,Dataset3,0.7625177861965426
2018-07-16_3,150.39183593750002,28.15839062500003,Dataset3,0.6907277655977492
2018-07-17_1,139.21093069306934,16.749151343705798,Dataset3,0.4341870232599694
2018-07-17_2,154.2663527227722,32.024690594059415,Dataset3,0.7796267760592701
2018-07-17_3,145.15852220520682,30.69388973966311,Dataset3,0.5706517824444409
2018-07-18_1,139.87348168249665,16.535712347354142,Dataset3,0.4493889518112354
2018-07-18_2,151.58809732360103,29.894111922141168,Dataset3,0.7181754343965918
2018-07-18_3,143.19404049844246,29.316526479750767,Dataset3,0.5255776507578899
2018-07-19_1,135.99432388663968,16.65622132253714,Dataset3,0.36038345549060136
2018-07-19_2,157.86210602409642,29.26181927710844,Dataset3,0.8621296862457883
2018-07-19_3,149.0209786259543,28.75317557251909,Dataset3,0.6592740733738316
2018-07-20_1,143.370304465494,18.02392422192153,Dataset3,0.5296219466325309
2018-07-20_2,153.26823614457837,30.320108433734884,Dataset3,0.7567254489921224
2018-07-20_3,141.64791198786023,28.60731411229136,Dataset3,0.4901024412660694
2018-07-21_1,137.95330398899577,19.39447042640988,Dataset3,0.40533135538749937
2018-07-21_2,149.3273019323672,29.807451690821264,Dataset3,0.6663025211340581
2018-07-21_3,138.3518736842104,28.24039097744358,Dataset3,0.41447635422689444
2018-07-22_1,130.04524151967433,16.60846675712347,Dataset3,0.22388448932593485
2018-07-22_2,147.00667971530262,29.462040332147076,Dataset3,0.6130569087944104
2018-07-22_3,137.1878100890209,29.273456973293776,Dataset3,0.38776744897192406
2018-07-23_1,128.09848342541437,16.75912983425415,Dataset3,0.17921701779877028
2018-07-23_2,155.49908865248216,30.228309692671402,Dataset3,0.8079113365309518
2018-07-23_3,144.01661969696977,28.34890909090907,Dataset3,0.5444513531646717
2018-07-24_1,137.2856929238984,17.47859813084111,Dataset3,0.3900133257209566
2018-07-24_2,148.97041065088771,27.569976331360927,Dataset3,0.6581138143806194
2018-07-24_3,136.92951560178307,27.461188707280822,Dataset3,0.38184100043764674
2018-07-25_1,129.78592751677846,17.270751677852346,Dataset3,0.21793464847251862
2018-07-25_2,145.77180836236928,29.43860627177701,Dataset3,0.5847233520163512
2018-07-25_3,132.42818452380956,27.09909226190473,Dataset3,0.27856002353940795
2018-07-26_1,127.02802546916902,16.619061662198394,Dataset3,0.1546558509940204
2018-07-26_2,152.7944923798359,27.864079718640056,Dataset3,0.7458556156085093
2018-07-26_3,144.34800152206998,27.92873668188737,Dataset3,0.5520547571422524
2018-07-27_1,136.88127619047626,16.926013605442147,Dataset3,0.3807341692718294
2018-07-27_2,149.59246026097267,28.930106761565845,Dataset3,0.6723864573601859
2018-07-27_3,138.2258429394811,29.102593659942368,Dataset3,0.4115846365972919
2018-07-28_1,132.09837962962962,19.78937830687831,Dataset3,0.2709928015184808
2018-07-28_2,145.16864780600457,30.386766743648966,Dataset3,0.5708841097103002
2018-07-28_3,131.08152631578943,26.801237553342823,Dataset3,0.24766156864615754
2018-07-29_1,127.05996062992142,19.174908136482927,Dataset3,0.1553885886093559
2018-07-29_2,140.94245578231295,28.39756235827666,Dataset3,0.4739160722108411
2018-07-29_3,128.55518284106893,25.70305203938119,Dataset3,0.18969577641052127
2018-07-30_1,124.51226753246749,18.049155844155827,Dataset3,0.09693293907281884
2018-07-30_2,149.4039683098593,28.931232394366162,Dataset3,0.6680615960000194
2018-07-30_3,137.4455221745351,27.774248927038585,Dataset3,0.39368053456579094
2018-07-31_1,130.41019919786103,16.786657754010673,Dataset3,0.23225827585189834
2018-07-31_2,153.73451236749113,37.058727915194325,Dataset3,0.7674239430536905
2018-07-31_3,145.49004704097112,33.931654021244285,Dataset3,0.5782584677361124
2018-08-01_1,130.29136430317848,20.528533007334964,Dataset3,0.22953166370100128
2018-08-01_2,153.03127897574117,34.50123989218323,Dataset3,0.7512885754414739
2018-08-01_3,142.26769655172401,33.69585057471266,Dataset3,0.5043231137990303
2018-08-02_1,134.95599732858417,22.442591273374877,Dataset3,0.3365595288791784
2018-08-02_2,163.87095631453528,37.5952104845115,Dataset3,1.0
2018-08-02_3,151.33834285714275,35.10498979591835,Dataset3,0.7124449327219354
2018-08-03_1,141.41614870881565,22.933757791629592,Dataset3,0.48478473913436154
2018-08-03_2,160.4560285035629,37.73613618368963,Dataset3,0.9216460477479528
2018-08-03_3,148.0120874999999,36.81312500000008,Dataset3,0.6361255292504238
2018-08-04_1,133.72066816952207,24.728349864742967,Dataset3,0.3082154679494827
2018-08-04_2,151.98791859537113,35.33064644852353,Dataset3,0.7273491500859744
2018-08-04_3,139.19414154786162,33.07185336048877,Dataset3,0.4338018040240804
2018-08-05_1,126.26767063128993,20.940622140896604,Dataset3,0.13720985800103025
2018-08-05_2,149.6985019762847,35.03718577075094,Dataset3,0.6748195358784451
2018-08-05_3,138.36165743589746,34.26489230769231,Dataset3,0.4147008379217093
2018-08-06_1,125.27598078682527,20.624190301921338,Dataset3,0.11445598939146265
2018-08-06_2,156.26889936608563,35.150237717908084,Dataset3,0.8255742902551847
2018-08-06_3,148.03003275332674,35.07852610030708,Dataset3,0.6365372748568183
2018-08-07_1,135.70534677419369,23.337983870967754,Dataset3,0.3537530081945338
2018-08-07_2,153.09744356120828,32.88831478537362,Dataset3,0.7528066915064193
2018-08-07_3,151.35483569979706,33.34144016227178,Dataset3,0.7128233534316455
2018-08-08_1,139.52768463611875,22.008921832884067,Dataset3,0.44145479719346103
2018-08-08_2,149.90791911181606,30.041165741475044,Dataset3,0.6796245159970478
2018-08-08_3,141.67283789260372,27.84709219858159,Dataset3,0.4906743547173101
2018-08-09_1,133.40431423455686,18.81290062667859,Dataset3,0.3009568720180059
2018-08-09_2,146.72866904761906,29.045825396825354,Dataset3,0.6066780815432907
2018-08-09_3,139.26835066258928,28.30914373088681,Dataset3,0.43550449812301734
2018-08-10_1,128.45226768128933,16.898970456580155,Dataset3,0.18733443527485422
2018-08-10_2,148.66153375694986,31.62884034948369,Dataset3,0.6510267757259207
2018-08-10_3,140.99773748723192,32.01497446373853,Dataset3,0.4751844855734062
2018-08-11_1,127.66657142857147,19.845232142857142,Dataset3,0.1693069951420751
2018-08-11_2,146.33561641673248,32.54572217837415,Dataset3,0.5976596692143168
2018-08-11_3,138.76826551373347,32.584862665310276,Dataset3,0.4240302737632792
2018-08-12_1,127.13693672014264,22.59722816399287,Dataset3,0.15715476969182673
2018-08-12_2,149.296774957699,32.772605752961105,Dataset3,0.6656020937025131
2018-08-12_3,138.69627282266543,29.827691500524676,Dataset3,0.4223784344885758
2018-08-13_1,128.68050090090097,20.837243243243236,Dataset3,0.1925711418120531
2018-08-13_2,142.38736245954718,30.49695792880264,Dataset3,0.5070687931652667
2018-08-13_3,132.20875203252055,28.125558943089413,Dataset3,0.27352524567682374
2018-08-14_1,123.99628200537141,19.617153088630236,Dataset3,0.08509388782759755
2018-08-14_2,138.5707988826816,29.448866719872278,Dataset3,0.4194994924884607
2018-08-14_3,130.76784307692313,27.937497435897434,Dataset3,0.2404642506116661
2018-08-15_1,120.72022459893039,17.19689839572191,Dataset3,0.009926253309972474
2018-08-15_2,139.5557439120189,27.636622152395926,Dataset3,0.4420986044086657
2018-08-15_3,130.97861776859494,25.027747933884324,Dataset3,0.24530037923322276
2018-08-16_1,126.86104663677133,18.838295964125585,Dataset3,0.15082459827507474
2018-08-16_2,133.95516280925776,25.26504389465282,Dataset3,0.31359583989941836
2018-08-16_3,129.01818338399178,25.173171225937168,Dataset3,0.20031911149722093
2018-08-17_1,122.13909318996427,18.12888888888886,Dataset3,0.042481542319769194
2018-08-17_2,139.85894159431723,29.6963378058406,Dataset3,0.44905533615725585
2018-08-17_3,132.97093305870243,30.13781668383112,Dataset3,0.29101313972277904
2018-08-18_1,120.96682342342358,20.425972972972932,Dataset3,0.01558435022718039
2018-08-18_2,142.7138984932594,32.98933386201431,Dataset3,0.5145610126821338
2018-08-18_3,135.70727568667343,33.22052899287897,Dataset3,0.35379726620662133
2018-08-19_1,120.28760521582714,21.629991007194214,Dataset3,0.0
2018-08-19_2,142.45352104845128,33.41801429706123,Dataset3,0.5085867716418245
2018-08-19_3,133.7568290685773,32.30055271238485,Dataset3,0.30904516319190073
2018-08-20_1,120.86047678571447,22.41683928571432,Dataset3,0.013144275404382719
2018-08-20_2,145.38577045274036,33.069658459094505,Dataset3,0.5758658892490981
2018-08-20_3,138.31527244897973,32.37991836734692,Dataset3,0.41363655567290575
2018-08-21_1,124.2200089365506,21.647363717604996,Dataset3,0.09022719964367353
2018-08-21_2,143.99239857932145,33.21000789265985,Dataset3,0.5438956107300557
2018-08-21_3,136.00705273833665,32.16007099391482,Dataset3,0.3606755131542755
2018-08-22_1,120.73782663092035,20.933467381590688,Dataset3,0.010330123860222295
2018-08-22_2,145.36984034948352,32.39805401112002,Dataset3,0.575500380336744
2018-08-22_3,139.12329423868314,31.903189300411483,Dataset3,0.4321762450114653
2018-08-23_1,125.63203119429589,21.125588235294085,Dataset3,0.12262540267646295
2018-08-23_2,152.84794532488124,32.42221870047546,Dataset3,0.7470820689145958
2018-08-23_3,143.13829128205137,30.94636923076922,Dataset3,0.5242985105590366
2018-08-24_1,129.29055614973262,20.35866310160428,Dataset3,0.20656857967427703
2018-08-24_2,151.3789053301512,32.60382657120128,Dataset3,0.7133756200597814
2018-08-24_3,140.55287044534393,31.687105263157967,Dataset3,0.4649772153504156
2018-08-25_1,125.08645739910324,21.176035874439446,Dataset3,0.11010746219141329
2018-08-25_2,146.85608512330938,31.808854415274407,Dataset3,0.6096015849563657
2018-08-25_3,135.50403983656787,30.26052093973446,Dataset3,0.34913411284686097
2018-08-26_1,120.35750089766596,18.47459605026928,Dataset3,0.00160372435980232
2018-08-26_2,146.39832436708855,31.891329113923998,Dataset3,0.5990984743721407
2018-08-26_3,136.62521779141096,31.62947852760733,Dataset3,0.37485902675501437
2018-08-27_1,120.8796549865229,20.405723270440237,Dataset3,0.013584310425209616
2018-08-27_2,147.71837244094513,31.046259842519678,Dataset3,0.6293863719426355
2018-08-27_3,141.28601734693885,31.24726530612241,Dataset3,0.4817989347251943
2018-08-28_1,128.41643482142825,21.93438392857143,Dataset3,0.18651226674128005
2018-08-28_2,145.4510221130222,30.331687141687144,Dataset3,0.5773630586644111
2018-08-28_3,134.81885866099884,28.141434643995755,Dataset3,0.3334129450546639
2018-08-29_1,124.6674952919021,19.88993408662902,Dataset3,0.1004945688126488
2018-08-29_2,140.6445959933222,27.692103505843065,Dataset3,0.46708181597579074
2018-08-29_3,132.05304828326183,26.903497854077283,Dataset3,0.2699526945688082
2018-08-30_1,121.01211142587358,18.055854579792296,Dataset3,0.01662346267054067
2018-08-30_2,142.50434000000024,28.70814166666667,Dataset3,0.5097527891753058
2018-08-30_3,135.55457995735614,29.992622601279308,Dataset3,0.35029373273643316
2018-08-31_1,123.00414126394053,21.614730483271366,Dataset3,0.06232967359395879
2018-08-31_2,153.38607903494193,32.96459234608987,Dataset3,0.7594293000589362
2018-08-31_3,145.46713247863246,32.37280982905978,Dataset3,0.5777327036137815
2018-09-01_1,130.93528359592204,20.332743280815553,Dataset3,0.24430609651790894
2018-09-01_2,156.9352290076335,32.96538592027142,Dataset3,0.8408629182461519
2018-09-01_3,148.2713133047211,31.857027896995685,Dataset3,0.6420733464371774
2018-09-02_1,136.40346431881377,21.392604263206678,Dataset3,0.3697709950409097
2018-09-02_2,156.64094619205298,32.579875827814554,Dataset3,0.8341107340253007
2018-09-02_3,147.24491410392363,29.938653234358412,Dataset3,0.6185230875671591
2018-09-03_1,138.10767717996285,21.679165120593712,Dataset3,0.4088733774458182
2018-09-03_2,147.2505025041735,26.57428213689482,Dataset3,0.6186513108475861
2018-09-03_3,141.3178468085106,23.08584042553192,Dataset3,0.48252924712131257
2018-09-04_1,135.027205799813,20.14215154349857,Dataset3,0.33819337458937987
2018-09-04_2,147.18065905383352,26.006231647634607,Dataset3,0.6170487849155666
2018-09-04_3,142.89344771573624,23.98152284263955,Dataset3,0.5186806872356166
2018-09-05_1,131.26743098842397,17.585040071237774,Dataset3,0.2519270660883688
2018-09-05_2,145.24771892319882,25.684014251781466,Dataset3,0.572698360225713
2018-09-05_3,143.0729317023444,24.067879714576947,Dataset3,0.5227988649820146
2018-09-06_1,129.54921383647797,17.809721473495053,Dataset3,0.2125033616546608
2018-09-06_2,147.4744695024077,26.54455858747995,Dataset3,0.623790130892124
2018-09-06_3,142.3554610591902,24.165711318795395,Dataset3,0.5063368301667186
2018-09-07_1,128.41275134649888,17.28166965888691,Dataset3,0.18642775109857435
2018-09-07_2,146.03161336515504,25.558830548926036,Dataset3,0.5906844586370271
2018-09-07_3,142.65480898876393,24.527007150153203,Dataset3,0.5132052311048606
2018-09-08_1,128.77155850091418,17.868464351005475,Dataset3,0.19466041667774636
2018-09-08_2,140.65689030206684,23.237885532591395,Dataset3,0.46736390325074084
2018-09-08_3,140.636644240571,23.866921508664653,Dataset3,0.46689936665625126
2018-09-09_1,126.90110822898043,17.905259391771036,Dataset3,0.15174379313272504
2018-09-09_2,145.29458593125491,26.66789768185453,Dataset3,0.5737737022284414
2018-09-09_3,143.319503560529,26.24325534079347,Dataset3,0.5284563431696411
2018-09-10_1,128.26872262773728,17.843786496350376,Dataset3,0.18312307821017243
2018-09-10_2,149.67956185155626,28.011157222665606,Dataset3,0.6743849634040722
2018-09-10_3,147.47969277721256,28.685157680569702,Dataset3,0.6239099765366924
2018-09-11_1,130.63892329020322,20.7091035120148,Dataset3,0.23750624523874456
2018-09-11_2,150.45435158730152,29.982650793650805,Dataset3,0.6921621585075535
2018-09-11_3,146.68013846153835,29.31252307692309,Dataset3,0.6055645695058431
2018-09-12_1,130.56791643960045,20.774841053587657,Dataset3,0.23587702562132795
2018-09-12_2,150.7602910986368,30.612325581395368,Dataset3,0.6991818002657649
2018-09-12_3,146.33506517311602,28.835519348268836,Dataset3,0.5976470211823836
2018-09-13_1,130.41291500904174,21.55117540687161,Dataset3,0.23232058889374213
2018-09-13_2,142.91949124203816,27.462253184713372,Dataset3,0.5192782440008809
2018-09-13_3,141.0496184074457,25.764384694932772,Dataset3,0.47637486949079455
2018-09-14_1,126.74246953405036,20.474480286738338,Dataset3,0.1481039010424911
2018-09-14_2,138.36831558028615,25.51019077901432,Dataset3,0.41485360599072757
2018-09-14_3,135.71567824310534,22.737446373850844,Dataset3,0.3539900590098385
2018-09-15_1,124.0880276046307,18.782101513802314,Dataset3,0.087198948520418
2018-09-15_2,139.0924651721379,25.219431545236176,Dataset3,0.431468886220366
2018-09-15_3,138.45371516393453,25.50251024590164,Dataset3,0.41681306026616793
2018-09-16_1,124.22379856759171,20.901119068934644,Dataset3,0.09031415098967105
2018-09-16_2,142.25981854199682,27.329904912836746,Dataset3,0.5041423564793521
2018-09-16_3,141.37433434343444,27.974010101010062,Dataset3,0.48382532770024506
2018-09-17_1,124.95243913435527,20.633426510369723,Dataset3,0.10703247457872515
2018-09-17_2,144.9177558420628,28.585874294923435,Dataset3,0.5651275086776365
2018-09-17_3,141.41881883316253,28.18573183213921,Dataset3,0.48484600391275895
2018-09-18_1,125.57667356115087,21.355188848920857,Dataset3,0.12135524717557805
2018-09-18_2,143.42178400000003,28.54005600000001,Dataset3,0.5308031209389636
2018-09-18_3,141.34877017364656,27.470561797752797,Dataset3,0.48323876955032247
2018-09-19_1,125.77644910714272,20.725116071428545,Dataset3,0.12593900544463363
2018-09-19_2,144.1255982567354,29.094825673534064,Dataset3,0.5469518162318373
2018-09-19_3,143.70560526315808,28.950263157894717,Dataset3,0.5373152696380218
2018-09-20_1,126.8002986547084,20.80656502242149,Dataset3,0.14943076369073194
2018-09-20_2,145.8741849802373,29.077936758893273,Dataset3,0.5870723365548769
2018-09-20_3,142.6242571721309,27.986506147541,Dataset3,0.5125042336858272
2018-09-21_1,126.65010451727187,20.016226749335686,Dataset3,0.14598462809880905
2018-09-21_2,146.05121456848747,29.224513064132967,Dataset3,0.591134199256743
2018-09-21_3,144.62022494887506,28.42340490797548,Dataset3,0.5583007988059269
2018-09-22_1,127.91606912028729,20.04666965888688,Dataset3,0.17503160523804387
2018-09-22_2,150.92939888535008,31.153097133757875,Dataset3,0.7030619008649659
2018-09-22_3,146.77318181818188,29.990650826446313,Dataset3,0.6076994066465854
2018-09-23_1,128.33910545129578,19.457774798927648,Dataset3,0.18473797981328915
2018-09-23_2,153.79120651310578,31.605615567911023,Dataset3,0.7687247642201548
2018-09-23_3,147.91170412371125,30.165577319587612,Dataset3,0.6338222787256695
2018-09-24_1,128.0747358997313,18.812882721575654,Dataset3,0.1786721417145683
2018-09-24_2,154.0654063745018,31.27382470119523,Dataset3,0.7750161542689608
2018-09-24_3,148.63645426515933,30.9175642343268,Dataset3,0.6504513382903336
2018-09-25_1,128.4577535714287,18.917357142857128,Dataset3,0.18746030650781528
2018-09-25_2,152.86155015923558,30.34301751592351,Dataset3,0.7473942255985444
2018-09-25_3,148.13729213483128,29.894249233912173,Dataset3,0.6389982921673419
2018-09-26_1,129.39672678088368,20.193011722272256,Dataset3,0.20900461610733154
2018-09-26_2,152.50576465927082,30.649587955625968,Dataset3,0.7392308904947574
2018-09-26_3,145.74545574771122,29.44781281790437,Dataset3,0.5841187033605288
2018-09-27_1,128.49152123893805,22.234530973451356,Dataset3,0.18823509015014867
2018-09-27_2,148.6146862589355,28.735782366957906,Dataset3,0.6499518813721512
2018-09-27_3,141.77565612244896,27.116285714285766,Dataset3,0.49303347184009344
2018-09-28_1,125.23623056300266,19.246336014298524,Dataset3,0.11354393873862088
2018-09-28_2,146.20683741120786,27.107947908445194,Dataset3,0.5947048940013471
2018-09-28_3,140.9879185336047,25.939623217922612,Dataset3,0.4749591941862208
2018-09-29_1,123.85991223404247,18.44157801418437,Dataset3,0.0819649459750059
2018-09-29_2,144.26792539682526,26.689238095238075,Dataset3,0.5502174471781021
2018-09-29_3,139.63995740365095,25.451064908722106,Dataset3,0.4440308443468322
2018-09-30_1,123.75151111111113,19.01269333333333,Dataset3,0.07947773193114241
2018-09-30_2,146.28925579536374,27.48257394084732,Dataset3,0.5965959460218588
2018-09-30_3,141.33463034623213,26.392189409368658,Dataset3,0.48291433769600267
2018-07-01_1,132.6266434108528,18.330949612403078,Dataset4,0.3134916283774449
2018-07-01_2,142.72012521440826,25.437221269296735,Dataset4,0.5526399433715232
2018-07-01_3,138.137691588785,24.465023364486026,Dataset4,0.4440667768994759
2018-07-02_1,128.34236046511634,17.39684108527131,Dataset4,0.21198264789165927
2018-07-02_2,139.71859523809533,24.822823129251677,Dataset4,0.48152366752044856
2018-07-02_3,138.54797977528088,26.282584269662923,Dataset4,0.4537878751658741
2018-07-03_1,128.23796581196592,17.28356837606837,Dataset4,0.20950918968554053
2018-07-03_2,146.1055045207956,28.691717902350817,Dataset4,0.6328508926252452
2018-07-03_3,138.8457152317881,28.669735099337768,Dataset4,0.4608422231226526
2018-07-04_1,127.23661764705882,18.001352941176467,Dataset4,0.1857839052870893
2018-07-04_2,147.55198368883308,27.03493099121708,Dataset4,0.6671228180562049
2018-07-04_3,145.4506782106783,27.40718614718615,Dataset4,0.6173358689965129
2018-07-05_1,129.63389367088584,17.523987341772152,Dataset4,0.24258338566778287
2018-07-05_2,158.16135209235208,28.8263347763348,Dataset4,0.9184942106275221
2018-07-05_3,146.47443083573486,28.782060518732,Dataset4,0.6415919899286181
2018-07-06_1,128.65198993710683,17.760540880503147,Dataset4,0.21931880482344754
2018-07-06_2,154.63561401557294,29.79850945495001,Dataset4,0.8349576930429575
2018-07-06_3,148.57515539568334,30.878474820143893,Dataset4,0.6913651750946516
2018-07-07_1,130.02740577889455,19.066859296482413,Dataset4,0.2519070025714068
2018-07-07_2,157.12940848214308,31.182232142857146,Dataset4,0.8940440178839778
2018-07-07_3,151.99113976945247,32.43230547550427,Dataset4,0.7723012606726952
2018-07-08_1,132.31209608091024,20.812250316055614,Dataset4,0.3060389509559475
2018-07-08_2,156.74059418604654,30.78541860465115,Dataset4,0.884831707844013
2018-07-08_3,153.85731460674148,32.16238202247191,Dataset4,0.8165171790750851
2018-07-09_1,137.7493755364806,21.45238197424895,Dataset4,0.43486627192001126
2018-07-09_2,160.82182702702707,32.02900900900899,Dataset4,0.9815297527818049
2018-07-09_3,154.3753038548754,32.512108843537405,Dataset4,0.8287900754142492
2018-07-10_1,137.20091748526525,20.673811394891946,Dataset4,0.4218714678131779
2018-07-10_2,157.2350069204152,29.550380622837345,Dataset4,0.8965459977825188
2018-07-10_3,150.12317256637164,29.06028761061947,Dataset4,0.7280428751348499
2018-07-11_1,136.43216890594996,19.59391554702495,Dataset4,0.40365724491414
2018-07-11_2,154.26987692307682,27.412905982905993,Dataset4,0.8262921590772183
2018-07-11_3,148.03733774834436,27.314282560706395,Dataset4,0.678622477714458
2018-07-12_1,135.45832943469793,19.31144249512669,Dataset4,0.38058373339875673
2018-07-12_2,146.87943275862068,24.805982758620704,Dataset4,0.6511878389441073
2018-07-12_3,145.84823883928567,26.439218749999974,Dataset4,0.6267554088827344
2018-07-13_1,136.06318571428565,17.6757857142857,Dataset4,0.39491480001107654
2018-07-13_2,152.61708069620258,26.07615506329117,Dataset4,0.7871318930383661
2018-07-13_3,148.84001026694037,26.797207392197127,Dataset4,0.6976404721043297
2018-07-14_1,135.48201587301583,17.410934744268097,Dataset4,0.38114494427942036
2018-07-14_2,152.76866984126968,26.825174603174602,Dataset4,0.7907235464756786
2018-07-14_3,147.62719631901842,26.049918200408992,Dataset4,0.6689048566158586
2018-07-15_1,137.19446182495358,17.083854748603365,Dataset4,0.42171851164644003
2018-07-15_2,151.17183105802053,25.215529010238885,Dataset4,0.7528890992786063
2018-07-15_3,147.38981451612904,25.069032258064535,Dataset4,0.6632804884071344
2018-07-16_1,136.4678613138687,16.872591240875916,Dataset4,0.40450291733699406
2018-07-16_2,153.47190063091486,26.93340694006308,Dataset4,0.8073854339857307
2018-07-16_3,152.0707046843177,28.57835030549896,Dataset4,0.774186419401169
2018-07-17_1,136.82771863799286,17.47032258064517,Dataset4,0.41302913994060114
2018-07-17_2,160.84704025764907,31.223703703703688,Dataset4,0.9821271384744887
2018-07-17_3,151.29895814977976,31.68427312775329,Dataset4,0.7559011649241408
2018-07-18_1,131.7451400394477,18.811439842209076,Dataset4,0.29260586764234636
2018-07-18_2,156.64451705565526,29.550071813285445,Dataset4,0.8825553195481083
2018-07-18_3,149.8691138952164,29.899521640091084,Dataset4,0.7220233761850418
2018-07-19_1,131.39943300970884,17.9653203883495,Dataset4,0.28441491280112063
2018-07-19_2,156.81273806078138,30.339319826338635,Dataset4,0.8865410373316736
2018-07-19_3,150.37800719424465,30.58266187050359,Dataset4,0.7340807590924457
2018-07-20_1,130.204632782719,18.8283989834816,Dataset4,0.2561061025609797
2018-07-20_2,155.0604560000003,29.5372457142857,Dataset4,0.8450236194192011
2018-07-20_3,150.06654065620538,31.169072753209676,Dataset4,0.7267010759267326
2018-07-21_1,130.28693866666654,19.71430666666669,Dataset4,0.25805620400696666
2018-07-21_2,154.5187843601897,29.825118483412304,Dataset4,0.8321896080778269
2018-07-21_3,150.47316857142837,30.312999999999967,Dataset4,0.7363354501345387
2018-07-22_1,130.52310473815447,18.325561097256855,Dataset4,0.26365176747597835
2018-07-22_2,153.98389624724095,29.22843267108164,Dataset4,0.8195163211574507
2018-07-22_3,150.8374971264367,31.135287356321854,Dataset4,0.7449676111400476
2018-07-23_1,133.01610200364286,18.755391621129334,Dataset4,0.3227192039592324
2018-07-23_2,157.16744655172425,30.26037931034484,Dataset4,0.8949452668705031
2018-07-23_3,150.37574610244988,30.40369710467709,Dataset4,0.734027186271561
2018-07-24_1,134.26973437499996,20.12244140625001,Dataset4,0.3524219443086007
2018-07-24_2,155.17386724137924,28.943724137931074,Dataset4,0.8477107107326869
2018-07-24_3,149.74008647450108,29.172416851441277,Dataset4,0.718966285395892
2018-07-25_1,132.5037164750958,18.10383141762451,Dataset4,0.3105790784639636
2018-07-25_2,154.32285043478277,28.749252173913018,Dataset4,0.8275472785999318
2018-07-25_3,146.00540990991,29.356531531531537,Dataset4,0.6304793167905468
2018-07-26_1,130.25325968992246,18.014534883720906,Dataset4,0.257258236497258
2018-07-26_2,149.04549043478215,27.51351304347824,Dataset4,0.7025089839677734
2018-07-26_3,146.76550896860982,29.257511210762356,Dataset4,0.6484886036406623
2018-07-27_1,130.33744357976664,18.655992217898838,Dataset4,0.2592528341789809
2018-07-27_2,151.95272577696537,28.959195612431444,Dataset4,0.7713911048162443
2018-07-27_3,147.06154004576658,30.399130434782656,Dataset4,0.6555025691548203
2018-07-28_1,131.26874563106807,19.80586407766991,Dataset4,0.28131849206135917
2018-07-28_2,152.2638908145581,29.40720970537261,Dataset4,0.7787636444288047
2018-07-28_3,146.06966887417192,28.879072847682117,Dataset4,0.6320018263987867
2018-07-29_1,132.33541682974558,18.840332681017603,Dataset4,0.30659149743068415
2018-07-29_2,150.40660824742272,27.817302405498346,Dataset4,0.7347584136231334
2018-07-29_3,145.3236770601336,28.15193763919823,Dataset4,0.6143267873192296
2018-07-30_1,132.63573346303514,18.229221789883287,Dataset4,0.31370700209138436
2018-07-30_2,151.80022552447545,28.31393356643356,Dataset4,0.7677778641992861
2018-07-30_3,147.63953125000003,29.88571428571429,Dataset4,0.6691971123525045
2018-07-31_1,132.4710968992248,18.80693798449614,Dataset4,0.30980621170131395
2018-07-31_2,157.3439523809525,31.778377425044106,Dataset4,0.8991272798238227
2018-07-31_3,151.39249889624713,33.24066225165562,Dataset4,0.7581174578086319
2018-08-01_1,132.3861048543688,20.644776699029116,Dataset4,0.3077924661266152
2018-08-01_2,161.5239242236024,35.794968944099395,Dataset4,0.9981647816837156
2018-08-01_3,153.12053551136344,35.18235795454546,Dataset4,0.7990604200882652
2018-08-02_1,131.79916219667953,21.96153256704982,Dataset4,0.2938858330820013
2018-08-02_2,161.6013813559323,35.05279661016953,Dataset4,1.0
2018-08-02_3,154.4093495575224,36.13185840707963,Dataset4,0.829596731886147
2018-08-03_1,132.4170798004987,23.10275561097259,Dataset4,0.30852636611456474
2018-08-03_2,160.691798657718,35.46772930648766,Dataset4,0.9784489461754329
2018-08-03_3,155.60902288984272,37.440114449213205,Dataset4,0.8580210022768336
2018-08-04_1,134.16899006211187,26.282745341614913,Dataset4,0.3500349748622463
2018-08-04_2,158.66526374859717,35.74267115600449,Dataset4,0.9304335617694085
2018-08-04_3,154.40980000000002,36.277787234042556,Dataset4,0.8296074043737603
2018-08-05_1,136.3590986093552,23.533413400758526,Dataset4,0.4019259653966396
2018-08-05_2,159.13235135135122,34.6522972972973,Dataset4,0.9415004280230245
2018-08-05_3,154.7502737752162,36.50047550432282,Dataset4,0.8376743659265059
2018-08-06_1,133.52416942675177,23.54394904458598,Dataset4,0.33475701910614036
2018-08-06_2,158.62065406006647,34.77819799777529,Dataset4,0.9293766091684964
2018-08-06_3,155.1537101865136,36.71007173601148,Dataset4,0.847233122740735
2018-08-07_1,135.1091739674591,24.858448060075126,Dataset4,0.3723110735489393
2018-08-07_2,155.85842508324055,33.11361820199774,Dataset4,0.8639301737072421
2018-08-07_3,153.70459629101265,34.74864479315264,Dataset4,0.8128987718112588
2018-08-08_1,133.32802088772831,21.88382506527416,Dataset4,0.3301096047144598
2018-08-08_2,154.45175243902438,31.341378048780452,Dataset4,0.8306013978536944
2018-08-08_3,150.3154843517139,31.07894187779429,Dataset4,0.7325993840099049
2018-08-09_1,132.00864912280701,19.24634085213034,Dataset4,0.2988492784392841
2018-08-09_2,152.87555011135882,28.6717483296214,Dataset4,0.7932558972536753
2018-08-09_3,149.68425718390793,30.13300287356325,Dataset4,0.7176435029277091
2018-08-10_1,131.8237716436636,17.350138017565854,Dataset4,0.2944689131225383
2018-08-10_2,157.53155280898852,31.42322471910109,Dataset4,0.9035721608995663
2018-08-10_3,151.25568542568544,33.479841269841266,Dataset4,0.754875889478683
2018-08-11_1,134.17543384223916,22.609872773536882,Dataset4,0.35018764954771403
2018-08-11_2,158.11064552661387,33.19244620611545,Dataset4,0.9172928026306149
2018-08-11_3,152.20969898697547,33.81962373371922,Dataset4,0.7774796589315237
2018-08-12_1,134.91695796178345,24.066292993630583,Dataset4,0.3677568340142694
2018-08-12_2,155.28527021040986,33.23406423034332,Dataset4,0.850350219362863
2018-08-12_3,147.22361350574718,33.077844827586254,Dataset4,0.6593426310496135
2018-08-13_1,132.45582636248403,22.767832699619756,Dataset4,0.3094444016538315
2018-08-13_2,151.66864085297422,31.23277216610553,Dataset4,0.7646601835930276
2018-08-13_3,149.29868840579692,31.88568115942024,Dataset4,0.708508090054909
2018-08-14_1,132.5124877734877,19.784504504504508,Dataset4,0.31078689983537466
2018-08-14_2,153.36592206234994,30.3210431654676,Dataset4,0.8048744475302088
2018-08-14_3,146.5742492307693,31.374799999999958,Dataset4,0.6439570212867262
2018-08-15_1,128.2615408163265,19.047244897959203,Dataset4,0.21006776032335764
2018-08-15_2,150.99397424412103,28.858320268756987,Dataset4,0.7486750769836141
2018-08-15_3,144.2868497109827,29.39919075144511,Dataset4,0.5897608824793483
2018-08-16_1,129.4387394636016,20.635312899105983,Dataset4,0.237959530317928
2018-08-16_2,146.43320136518767,27.681467576791807,Dataset4,0.6406151259879722
2018-08-16_3,143.9317616279069,28.72624999999998,Dataset4,0.5813476591343434
2018-08-17_1,129.1147011349304,20.813795712484225,Dataset4,0.2302819794189
2018-08-17_2,149.92588148984183,29.943069977426646,Dataset4,0.7233683902114361
2018-08-17_3,145.7641800878476,31.374978038067372,Dataset4,0.624763776148048
2018-08-18_1,129.74153603034122,22.210783817951977,Dataset4,0.2451337928896668
2018-08-18_2,155.51701886792438,32.55413984461709,Dataset4,0.8558411195324371
2018-08-18_3,151.64188636363613,33.586519886363654,Dataset4,0.7640262803306789
2018-08-19_1,132.19222756005064,22.388798988622003,Dataset4,0.30319886511219957
2018-08-19_2,156.86928618784506,32.833878453038665,Dataset4,0.8878808514380988
2018-08-19_3,148.62809415121248,33.483965763195435,Dataset4,0.6926194711273861
2018-08-20_1,131.61045012468824,23.524089775561098,Dataset4,0.2894146134459921
2018-08-20_2,154.45349820788513,32.358912783751535,Dataset4,0.830642760952132
2018-08-20_3,150.8869096477794,31.970597243491564,Dataset4,0.7461383589007018
2018-08-21_1,132.86607335907328,21.789253539253544,Dataset4,0.3191645239936906
2018-08-21_2,155.23465470851997,32.167533632287004,Dataset4,0.8491509689728456
2018-08-21_3,147.24520319303338,32.761741654571836,Dataset4,0.6598541628912743
2018-08-22_1,129.8691455457967,21.47169385194481,Dataset4,0.24815728876476095
2018-08-22_2,152.4701056729701,31.73856507230254,Dataset4,0.7836495635670948
2018-08-22_3,143.52835937499995,32.57210227272724,Dataset4,0.5717897116465371
2018-08-23_1,127.01975092936802,21.125464684014894,Dataset4,0.18064560800539373
2018-08-23_2,149.45947781569961,31.903811149032943,Dataset4,0.7123177285122326
2018-08-23_3,143.31990557939932,32.00387696709586,Dataset4,0.5668507446040196
2018-08-24_1,129.0873688212927,22.155880861850424,Dataset4,0.22963438556788157
2018-08-24_2,150.4808557046979,32.24772930648769,Dataset4,0.7365175840110659
2018-08-24_3,142.441779220779,32.65503607503609,Dataset4,0.5460449965873185
2018-08-25_1,125.55843105590073,21.886248447204974,Dataset4,0.14602205666714693
2018-08-25_2,148.5991688741722,31.960198675496716,Dataset4,0.6919341346498897
2018-08-25_3,145.19871652421656,32.78774928774932,Dataset4,0.6113660546219368
2018-08-26_1,129.9346284289277,20.78349127182045,Dataset4,0.2497087971011825
2018-08-26_2,151.1344882352939,31.519858823529415,Dataset4,0.7520043230134873
2018-08-26_3,143.87567956656318,33.272693498452035,Dataset4,0.5800188876823534
2018-08-27_1,125.67927075351199,20.853908045977004,Dataset4,0.1488851529336847
2018-08-27_2,148.64808491620104,32.34569832402239,Dataset4,0.6930931191564312
2018-08-27_3,146.21649425287342,32.89153735632186,Dataset4,0.635480610291027
2018-08-28_1,129.37041697877655,24.20860174781528,Dataset4,0.23634074232780522
2018-08-28_2,145.63008777777773,30.994777777777788,Dataset4,0.6215866812039055
2018-08-28_3,140.6691783166906,31.625449358059896,Dataset4,0.5040461573740352
2018-08-29_1,126.08105707196026,22.21455334987593,Dataset4,0.15840481353392794
2018-08-29_2,143.47306976744184,29.002170542635675,Dataset4,0.570479716073003
2018-08-29_3,141.6335660377359,29.65052249637154,Dataset4,0.5268957253405347
2018-08-30_1,128.1961672955976,20.029886792452803,Dataset4,0.20851884314771704
2018-08-30_2,144.6192359550561,29.096258426966283,Dataset4,0.5976362233918731
2018-08-30_3,140.5417485714287,30.904185714285735,Dataset4,0.5010269208555954
2018-08-31_1,126.76739872611472,22.639133757961794,Dataset4,0.17466654098297035
2018-08-31_2,148.9021144444442,32.87404444444448,Dataset4,0.6991119276132607
2018-08-31_3,144.65104107648705,33.10420679886687,Dataset4,0.5983897930070394
2018-09-01_1,131.0106387499999,21.805287500000006,Dataset4,0.27520307749013717
2018-09-01_2,151.01784790011342,32.86986379114637,Dataset4,0.749240723676643
2018-09-01_3,142.4138064516128,33.24357910906299,Dataset4,0.5453822282045132
2018-09-02_1,125.83886772486785,21.9348015873016,Dataset4,0.1526665385368637
2018-09-02_2,149.2329422222224,32.324733333333356,Dataset4,0.7069503432510655
2018-09-02_3,140.191515850144,33.24076368876081,Dataset4,0.4927287372573915
2018-09-03_1,124.49332169576051,24.00084788029929,Dataset4,0.12078605647222633
2018-09-03_2,138.732947368421,28.36750279955207,Dataset4,0.45817037558435114
2018-09-03_3,136.7983462088701,26.384620886981388,Dataset4,0.4123332089359486
2018-09-04_1,125.90606265664157,19.721353383458645,Dataset4,0.15425861102706873
2018-09-04_2,137.0506176795579,26.390917127071795,Dataset4,0.41831036313409764
2018-09-04_3,132.2836884779516,26.34419630156473,Dataset4,0.30536587990744346
2018-09-05_1,122.29169211514392,18.864367959949945,Dataset4,0.0686220941554654
2018-09-05_2,136.28699226519336,25.70246408839777,Dataset4,0.4002175251336761
2018-09-05_3,134.9373723252495,25.896947218259594,Dataset4,0.3682405185068557
2018-09-06_1,122.19189054726347,18.39292288557216,Dataset4,0.06625746148886973
2018-09-06_2,134.98463292547282,26.7479644048943,Dataset4,0.36936028006475885
2018-09-06_3,130.5098961038962,26.814329004329,Dataset4,0.2633388107889089
2018-09-07_1,119.67722540473217,19.127297633872967,Dataset4,0.006676640587318433
2018-09-07_2,136.02112004530014,26.572242355605873,Dataset4,0.39391812373496327
2018-09-07_3,135.54370750382856,26.994701378254224,Dataset4,0.3826066251785631
2018-09-08_1,124.79563832658548,19.504008097165983,Dataset4,0.1279489477582649
2018-09-08_2,131.47816721672154,21.612200220021975,Dataset4,0.28628038928445365
2018-09-08_3,124.53053218884115,21.05576537911302,Dataset4,0.1216676974058037
2018-09-09_1,120.8584168765742,17.941460957178823,Dataset4,0.03466301393936549
2018-09-09_2,136.6582865105907,25.93117056856186,Dataset4,0.4090147266229078
2018-09-09_3,135.41352941176484,25.305322812051656,Dataset4,0.3795222711397798
2018-09-10_1,125.06161645569614,17.172012658227853,Dataset4,0.13425085850027335
2018-09-10_2,142.6852346368716,27.805050279329617,Dataset4,0.5518132689900305
2018-09-10_3,141.1245903271694,29.0974110953058,Dataset4,0.5148363898283808
2018-09-11_1,130.7134844155844,20.452103896103903,Dataset4,0.2681624982577432
2018-09-11_2,143.07209523809533,29.260409745293458,Dataset4,0.5609792894694712
2018-09-11_3,139.84901287553637,29.643261802575065,Dataset4,0.48461369718974934
2018-09-12_1,123.52929750000014,20.898399999999995,Dataset4,0.09794510163458002
2018-09-12_2,142.2166662908683,30.012536640360786,Dataset4,0.5407113189803935
2018-09-12_3,138.95967151162804,29.30873546511628,Dataset4,0.4635422282187255
2018-09-13_1,129.0397075000001,21.98713749999999,Dataset4,0.2285051295886911
2018-09-13_2,139.1376648044692,28.786648044692726,Dataset4,0.46775948415594015
2018-09-13_3,132.66810802469138,29.12356481481479,Dataset4,0.31447406364848096
2018-09-14_1,120.86144518716588,21.32168449197862,Dataset4,0.034734764737492034
2018-09-14_2,134.30671380090507,26.543495475113133,Dataset4,0.3532981104885944
2018-09-14_3,128.87433910533915,22.92059163059163,Dataset4,0.22458699968008874
2018-09-15_1,119.3954314465408,18.416540880503145,Dataset4,0.0
2018-09-15_2,135.0498069584737,25.741099887766577,Dataset4,0.37090447070946186
2018-09-15_3,126.08169825072896,23.058323615160344,Dataset4,0.1584200052016923
2018-09-16_1,120.6349558638082,19.4055863808323,Dataset4,0.029368475770085445
2018-09-16_2,135.88019800884956,27.4076769911504,Dataset4,0.39057920974882837
2018-09-16_3,132.82373533619455,27.961258941344767,Dataset4,0.3181613947436766
2018-09-17_1,120.93596679438045,20.22844189016602,Dataset4,0.036500430653661396
2018-09-17_2,137.39242239467848,28.01281596452326,Dataset4,0.42640885910100235
2018-09-17_3,133.13864571428576,27.785400000000013,Dataset4,0.3256226739890737
2018-09-18_1,120.63087898089177,19.86755414012743,Dataset4,0.02927188078939697
2018-09-18_2,134.01449389567125,27.913429522752473,Dataset4,0.34637444437371806
2018-09-18_3,128.1795824964133,26.5562697274032,Dataset4,0.20812589383085756
2018-09-19_1,119.74057358490582,19.550012578616368,Dataset4,0.008177570676787928
2018-09-19_2,138.31437152391533,29.08423804226921,Dataset4,0.44825291500345466
2018-09-19_3,134.10538291605312,29.0440206185567,Dataset4,0.34852790900552916
2018-09-20_1,122.27121542553185,20.916117021276598,Dataset4,0.06813693294819421
2018-09-20_2,137.59532276330694,29.279988674971705,Dataset4,0.43121624689973814
2018-09-20_3,131.6906833095579,28.808045649072767,Dataset4,0.2913156057241401
2018-09-21_1,121.23555018587373,21.073866171003697,Dataset4,0.04359856236581187
2018-09-21_2,140.9526572398189,29.526278280542968,Dataset4,0.5107627204116376
2018-09-21_3,136.6256028368795,28.9790638297872,Dataset4,0.4082403411682179
2018-09-22_1,122.8376615969582,19.571444866920142,Dataset4,0.08155793573672064
2018-09-22_2,146.3035196850394,31.058830146231713,Dataset4,0.6375425336064079
2018-09-22_3,136.06526142857132,30.924971428571464,Dataset4,0.3949639806192638
2018-09-23_1,122.50932382133989,20.002803970223322,Dataset4,0.07377851657133778
2018-09-23_2,146.3066970033297,31.118446170921256,Dataset4,0.6376178148948787
2018-09-23_3,136.44537606837628,30.628447293447323,Dataset4,0.4039701667285919
2018-09-24_1,122.00626492537333,19.230398009950253,Dataset4,0.06185937017026077
2018-09-24_2,147.5045022222224,30.86682222222222,Dataset4,0.6659978234354798
2018-09-24_3,141.9329900426741,31.302019914651453,Dataset4,0.5339900806525467
2018-09-25_1,125.83001130653271,20.223090452261314,Dataset4,0.1524567003895372
2018-09-25_2,147.30716629464305,30.195502232142868,Dataset4,0.6613222758408158
2018-09-25_3,140.90096253602294,30.289827089337148,Dataset4,0.5095379001219168
2018-09-26_1,125.10844563758377,21.739543624161076,Dataset4,0.1353603983160615
2018-09-26_2,141.19568813559317,29.22772881355931,Dataset4,0.5165209345093184
2018-09-26_3,131.60448985507256,26.50127536231882,Dataset4,0.28927339474037167
2018-09-27_1,123.92732833957547,20.808414481897625,Dataset4,0.10737578239001443
2018-09-27_2,138.54729977375553,28.225101809954733,Dataset4,0.45377176365726424
2018-09-27_3,132.0915506419401,26.97369472182595,Dataset4,0.30081349247334954
2018-09-28_1,121.72194670050767,18.97785532994921,Dataset4,0.05512292126966649
2018-09-28_2,138.27905869324474,26.559169435215928,Dataset4,0.4474162360341055
2018-09-28_3,133.40916834532365,25.416820143884912,Dataset4,0.33203225916885654
2018-09-29_1,121.49743037974683,16.838506329113912,Dataset4,0.04980337932729019
2018-09-29_2,138.24377566964296,26.084810267857158,Dataset4,0.4465802632938278
2018-09-29_3,131.55105693430667,25.75687591240875,Dataset4,0.2880073902817445
2018-09-30_1,120.45376493011446,17.679606099110543,Dataset4,0.025075457034984688
2018-09-30_2,137.27434675615203,26.2666890380313,Dataset4,0.42361125263129995
2018-09-30_3,131.25467908309466,25.74908309455589,Dataset4,0.2809852085313448
2018-07-01_1,130.62683547400607,18.029027522935756,Dataset5,0.15490248104496146
2018-07-01_2,145.75258972943143,24.72873550524577,Dataset5,0.6014565895010946
2018-07-01_3,139.19041304347817,24.24722300140258,Dataset5,0.4077229805819621
2018-07-02_1,129.59609937499985,16.284287500000023,Dataset5,0.12447230004554584
2018-07-02_2,145.83009000552212,24.23296521258979,Dataset5,0.6037446120426725
2018-07-02_3,141.8590278372591,25.03443254817986,Dataset5,0.48650787156498565
2018-07-03_1,129.8486334586465,16.764561403508747,Dataset5,0.13192780478754362
2018-07-03_2,153.79832167832205,27.537310381925803,Dataset5,0.8389888537863732
2018-07-03_3,148.40471167645134,28.036757990867585,Dataset5,0.6797545660230669
2018-07-04_1,133.9869495844878,17.81736842105263,Dataset5,0.2541023447726726
2018-07-04_2,153.29908946608947,25.862525252525224,Dataset5,0.8242501378399508
2018-07-04_3,146.37012886597938,25.542651775486824,Dataset5,0.6196880531293646
2018-07-05_1,134.26125804946315,17.552827811479197,Dataset5,0.2622006894866296
2018-07-05_2,155.31048430305543,26.912134784428652,Dataset5,0.8836320776101567
2018-07-05_3,149.0642399999999,27.448005405405457,Dataset5,0.6992256666075655
2018-07-06_1,134.48692179303742,17.774830710538854,Dataset5,0.26886290745744834
2018-07-06_2,158.52131956155173,28.963136593591948,Dataset5,0.9784248166726104
2018-07-06_3,150.454986058981,29.6066327077748,Dataset5,0.7402843375319876
2018-07-07_1,134.1843323823109,19.122310984308097,Dataset5,0.25992963099047295
2018-07-07_2,157.51098400673405,29.058884680134625,Dataset5,0.9485969161722887
2018-07-07_3,150.85372173913063,30.406304347826087,Dataset5,0.7520561178446951
2018-07-08_1,134.0095807217472,20.20933998100661,Dataset5,0.25477047854977614
2018-07-08_2,158.6781466836734,29.77166666666659,Dataset5,0.9830547871532994
2018-07-08_3,152.25200219780223,30.558719780219782,Dataset5,0.7933372250906204
2018-07-09_1,134.44173039690227,20.580474346563427,Dataset5,0.2675287324291993
2018-07-09_2,159.25211772205708,30.318958776030584,Dataset5,1.0
2018-07-09_3,152.92614230343278,30.912580287929117,Dataset5,0.8132397059031986
2018-07-10_1,135.46710438729173,20.58959657085224,Dataset5,0.2978006091488831
2018-07-10_2,158.81086969439733,29.309100169779313,Dataset5,0.9869731375855884
2018-07-10_3,151.75413253666486,29.55363932645305,Dataset5,0.7786387354217954
2018-07-11_1,136.66599217603897,19.7264938875305,Dataset5,0.33319509319260887
2018-07-11_2,155.84195690747774,27.546928601605437,Dataset5,0.8993226191216014
2018-07-11_3,149.74127146666675,28.169082666666647,Dataset5,0.7192135083963953
2018-07-12_1,135.62307481060608,18.704682765151496,Dataset5,0.3024052875108687
2018-07-12_2,154.14762315789474,26.533802105263163,Dataset5,0.8493011997467105
2018-07-12_3,149.02283789586693,27.631068169618878,Dataset5,0.6980033619616549
2018-07-13_1,135.16452322274893,18.635701421800984,Dataset5,0.28886757613206254
2018-07-13_2,153.59433333333325,25.85429229480733,Dataset5,0.8329665535431148
2018-07-13_3,149.31398222940223,27.347237479806115,Dataset5,0.7065987480890792
2018-07-14_1,134.7590964995267,17.90646168401134,Dataset5,0.27689825771821497
2018-07-14_2,155.22218484596152,26.861398834304786,Dataset5,0.8810252333712595
2018-07-14_3,149.27234456928863,27.271744248261058,Dataset5,0.705369489178995
2018-07-15_1,135.0449768102225,17.700619971604308,Dataset5,0.28533823532939007
2018-07-15_2,152.6685692048801,25.07832141354651,Dataset5,0.805635435501594
2018-07-15_3,147.2883501094089,25.52077680525165,Dataset5,0.6467964843388744
2018-07-16_1,135.28514578254507,17.662189176011676,Dataset5,0.29242868777911607
2018-07-16_2,154.5827072765067,26.49170062370068,Dataset5,0.8621460865146218
2018-07-16_3,147.85958288770055,28.251967914438495,Dataset5,0.6636608561727256
2018-07-17_1,131.93063665893266,18.73842227378193,Dataset5,0.19339429876903355
2018-07-17_2,152.43294874228755,29.295571903179862,Dataset5,0.7986792676417798
2018-07-17_3,145.7235724725944,30.714080389768572,Dataset5,0.6005999198079418
2018-07-18_1,127.43192626480113,19.893417653390756,Dataset5,0.060579923014305516
2018-07-18_2,150.92580019351695,28.58034349298499,Dataset5,0.7541840732110089
2018-07-18_3,142.9146498150435,28.928002466091264,Dataset5,0.5176727525484996
2018-07-19_1,126.87063980789753,18.453687299893314,Dataset5,0.04400919410264232
2018-07-19_2,149.79600666032331,28.913815413891587,Dataset5,0.7208294427287751
2018-07-19_3,142.36498694029845,29.191262437810938,Dataset5,0.5014451839368271
2018-07-20_1,127.84815495978584,18.992069705093893,Dataset5,0.07286814551640579
2018-07-20_2,150.31503245823382,28.46346062052503,Dataset5,0.7361525200800103
2018-07-20_3,143.7995757020755,29.3610317460317,Dataset5,0.543798212731193
2018-07-21_1,127.80763704097927,19.051255987227247,Dataset5,0.07167194446727948
2018-07-21_2,150.4830657705237,28.946188190110444,Dataset5,0.7411133282944915
2018-07-21_3,144.247662385321,29.460293577981666,Dataset5,0.5570269711764784
2018-07-22_1,127.93280504201695,18.822806722689066,Dataset5,0.07536725011397598
2018-07-22_2,150.89459582726818,29.284531780688944,Dataset5,0.7532628339977537
2018-07-22_3,145.89179588015003,29.67292134831455,Dataset5,0.6055663401605339
2018-07-23_1,129.98701323043002,19.46479051819185,Dataset5,0.13601315845478226
2018-07-23_2,151.12289799809346,28.867988560533867,Dataset5,0.7600029456397843
2018-07-23_3,145.46913778322104,29.876674831598276,Dataset5,0.5930883039271876
2018-07-24_1,130.36376520811086,20.326189967982916,Dataset5,0.1471359190564235
2018-07-24_2,149.15229154518985,28.340364431486883,Dataset5,0.7018251918012517
2018-07-24_3,144.3867179962892,28.788324056895487,Dataset5,0.5611322774860433
2018-07-25_1,129.91621485836455,18.300010689470884,Dataset5,0.13392299465971064
2018-07-25_2,149.61040295660501,28.506752503576585,Dataset5,0.7153499079538165
2018-07-25_3,145.07537691001718,29.245608375778207,Dataset5,0.5814633936774797
2018-07-26_1,131.74725303454684,18.7199719887955,Dataset5,0.18798030687744324
2018-07-26_2,149.33079592684945,27.588802992518698,Dataset5,0.7070951349499658
2018-07-26_3,146.5810016077169,29.027513397642036,Dataset5,0.6259135998091622
2018-07-27_1,131.1439632056452,18.761451612903222,Dataset5,0.1701695222291872
2018-07-27_2,151.5530694560666,29.10720083682005,Dataset5,0.7727027970755939
2018-07-27_3,145.78453833780145,29.782782841823078,Dataset5,0.6023998008005885
2018-07-28_1,130.66163295510626,18.86624568327583,Dataset5,0.1559297989483737
2018-07-28_2,151.30242796789162,29.21193916349813,Dataset5,0.7653031669874646
2018-07-28_3,145.25643331547954,29.2736422067488,Dataset5,0.5868086796285928
2018-07-29_1,129.20739511201637,18.4404633401222,Dataset5,0.11299667491779876
2018-07-29_2,147.53970688030145,27.50384542884069,Dataset5,0.6542172315515351
2018-07-29_3,142.91266402266305,28.103031161473083,Dataset5,0.5176141264640706
2018-07-30_1,129.64970435684646,18.588521784232352,Dataset5,0.1260548673987561
2018-07-30_2,150.20677331660417,28.030313676286095,Dataset5,0.7329564107385331
2018-07-30_3,146.81652591729755,29.830856144437984,Dataset5,0.6328669289660742
2018-07-31_1,131.08978516377667,19.221136801541405,Dataset5,0.16857003655885594
2018-07-31_2,151.12605222039505,30.510781249999958,Dataset5,0.7600960670077487
2018-07-31_3,146.19517889662572,32.04527048741298,Dataset5,0.6145230460646008
2018-08-01_1,131.95600849457293,21.63345445965078,Dataset5,0.19414334554401821
2018-08-01_2,154.6011131371738,32.99058019063408,Dataset5,0.8626894784382086
2018-08-01_3,151.8768870694525,33.68388481084134,Dataset5,0.7822627888092998
2018-08-02_1,138.73112217438108,24.23139935414424,Dataset5,0.3941634435758569
2018-08-02_2,156.60314201680717,33.94034453781506,Dataset5,0.9217949092386226
2018-08-02_3,150.71956704361898,33.94815293484115,Dataset5,0.7480955001169595
2018-08-03_1,136.18129506641378,24.231015180265594,Dataset5,0.31888549368405505
2018-08-03_2,155.3946357388314,34.05683419243984,Dataset5,0.8861164607849502
2018-08-03_3,154.47192637681147,35.4836231884058,Dataset5,0.8588755278990318
2018-08-04_1,139.00028961748626,25.914341778440132,Dataset5,0.40211001110244066
2018-08-04_2,156.1705753820735,34.17281701776125,Dataset5,0.9090243455589916
2018-08-04_3,152.84548653295116,34.6322750716332,Dataset5,0.8108585244380597
2018-08-05_1,135.8744389183969,23.74211009174312,Dataset5,0.309826251329062
2018-08-05_2,154.5839189305734,33.37359637774903,Dataset5,0.8621818578945057
2018-08-05_3,152.51096340150707,33.9112325080732,Dataset5,0.8009824761962745
2018-08-06_1,138.2946932892249,23.500155954631385,Dataset5,0.381278855579492
2018-08-06_2,155.5798513455789,33.57712088850917,Dataset5,0.8915845378637265
2018-08-06_3,150.75756036816475,33.43423389279911,Dataset5,0.7492171681596446
2018-08-07_1,137.0009490960989,22.893667935299703,Dataset5,0.3430839480743366
2018-08-07_2,152.91682962328792,32.196592465753405,Dataset5,0.8129647698233708
2018-08-07_3,149.63200111919414,31.858891997761653,Dataset5,0.7159875454611044
2018-08-08_1,136.3621500000002,21.94477570093464,Dataset5,0.3242248316280531
2018-08-08_2,152.90195896147418,31.05993718592968,Dataset5,0.8125257467494631
2018-08-08_3,147.27678924497573,30.02537751222162,Dataset5,0.6464551756396351
2018-08-09_1,134.82471094890488,20.310126520681262,Dataset5,0.2788353777751144
2018-08-09_2,149.07535304272787,28.170841605524394,Dataset5,0.6995537543712447
2018-08-09_3,146.58473149648856,28.186434359805443,Dataset5,0.6260237164438068
2018-08-10_1,135.42921147463264,18.328150782361302,Dataset5,0.29668190554286517
2018-08-10_2,152.68810434056726,30.19154006677796,Dataset5,0.8062121667477216
2018-08-10_3,148.65870197966802,30.535141787051963,Dataset5,0.6872530623951566
2018-08-11_1,136.92934173003792,21.491663498098905,Dataset5,0.34096990053857246
2018-08-11_2,152.3659568643717,31.512384902530023,Dataset5,0.7967014820840258
2018-08-11_3,149.41585542825962,31.60702127659573,Dataset5,0.7096063267342908
2018-08-12_1,137.82259541627673,23.03093077642658,Dataset5,0.3673412203912966
2018-08-12_2,152.6396507077437,31.40264363030814,Dataset5,0.8047816814680054
2018-08-12_3,147.00037918215625,31.327530536378084,Dataset5,0.6382947859436049
2018-08-13_1,134.95774183006532,22.023786181139084,Dataset5,0.2827628173943602
2018-08-13_2,149.31998425196858,30.105242436800655,Dataset5,0.7067759443988161
2018-08-13_3,147.09723541887624,30.179130434782643,Dataset5,0.6411542499879448
2018-08-14_1,135.54947661785562,19.94639111950871,Dataset5,0.3002324652639465
2018-08-14_2,151.48110582885505,29.297933030177777,Dataset5,0.7705782317251292
2018-08-14_3,147.54456324324298,30.11936216216216,Dataset5,0.654360604819874
2018-08-15_1,135.13132850467326,19.653387850467283,Dataset5,0.2878875762269065
2018-08-15_2,148.33075499565624,27.939213727193714,Dataset5,0.6775711602173704
2018-08-15_3,146.51141192266388,28.164795918367382,Dataset5,0.6238591197983259
2018-08-16_1,136.94030158730155,19.903384687208224,Dataset5,0.34129346584358267
2018-08-16_2,149.0171435051546,27.50199587628869,Dataset5,0.6978352477952598
2018-08-16_3,144.8458597236982,25.580090329436775,Dataset5,0.5746874114169407
2018-08-17_1,137.01836103286394,19.04555868544599,Dataset5,0.3435979966148128
2018-08-17_2,151.84046007447262,27.888535374431136,Dataset5,0.781187363148385
2018-08-17_3,148.73952674672518,28.339372270742377,Dataset5,0.6896392331067055
2018-08-18_1,136.26099953139635,20.659906279287732,Dataset5,0.3212385899792364
2018-08-18_2,153.581760115607,30.30597440132119,Dataset5,0.8325953573741599
2018-08-18_3,147.82193553542854,30.280479488545488,Dataset5,0.6625494021886353
2018-08-19_1,135.52381462505807,22.138351187703762,Dataset5,0.29947485224700826
2018-08-19_2,152.8604883913766,30.668694029850794,Dataset5,0.8113014207988781
2018-08-19_3,149.70802377179083,30.68825145272056,Dataset5,0.7182319444695445
2018-08-20_1,139.5090868761556,22.694200554528724,Dataset5,0.41713111367975636
2018-08-20_2,153.44868257261436,30.10090871369297,Dataset5,0.8286665401685451
2018-08-20_3,146.1174656366543,28.497948854555162,Dataset5,0.6122287356496796
2018-08-21_1,136.70575568181798,21.079166666666683,Dataset5,0.3343690218822057
2018-08-21_2,151.95277631018337,29.915483596080115,Dataset5,0.7845032491303996
2018-08-21_3,151.048419126328,30.374486422668195,Dataset5,0.7578041233120905
2018-08-22_1,141.2986698666667,21.013333333333392,Dataset5,0.469964554137729
2018-08-22_2,154.75792224316706,29.391187558906708,Dataset5,0.867318917032949
2018-08-22_3,150.0604981751825,30.553667883211748,Dataset5,0.7286379639183738
2018-08-23_1,138.96628355795175,21.62796226415088,Dataset5,0.4011060581529809
2018-08-23_2,155.16702961918202,30.124165491302325,Dataset5,0.87939689849914
2018-08-23_3,152.51340740740727,29.616000000000017,Dataset5,0.8010546300113767
2018-08-24_1,142.38139379084973,20.80238562091506,Dataset5,0.5019295595518727
2018-08-24_2,157.95189839319437,30.411639886578417,Dataset5,0.9616139285755313
2018-08-24_3,153.0470697247707,31.833547400611625,Dataset5,0.8168098179063128
2018-08-25_1,136.82190893169906,21.742060712200832,Dataset5,0.3377981871369779
2018-08-25_2,156.52713524976485,31.10399622997183,Dataset5,0.9195509792156924
2018-08-25_3,151.9502407068861,31.775453991468616,Dataset5,0.7844283911067472
2018-08-26_1,135.71944105326168,20.037127468581744,Dataset5,0.3052502855749421
2018-08-26_2,157.41161886612701,30.972420200095332,Dataset5,0.9456633823447458
2018-08-26_3,151.39312542144307,32.066770060687794,Dataset5,0.7679808067154394
2018-08-27_1,133.55012224322635,20.61896660365467,Dataset5,0.24120599324981862
2018-08-27_2,155.64383349705327,30.71078585461686,Dataset5,0.8934734679710294
2018-08-27_3,153.54496625000013,32.619318750000005,Dataset5,0.8315091006774505
2018-08-28_1,142.17367180094794,24.025645734597184,Dataset5,0.4957970317822869
2018-08-28_2,154.89195986622067,29.655303392259906,Dataset5,0.8712760784578623
2018-08-28_3,150.18972060606086,30.754509090909078,Dataset5,0.7324529675498607
2018-08-29_1,136.80890668139156,20.960485919381597,Dataset5,0.33741432473937855
2018-08-29_2,151.79694213295087,27.850363462458162,Dataset5,0.7799025931296524
2018-08-29_3,150.0640302096178,29.210906288532684,Dataset5,0.7287422393456793
2018-08-30_1,137.4830838905776,19.2487902735562,Dataset5,0.35731790095155536
2018-08-30_2,152.49562990196048,28.940593137254908,Dataset5,0.8005297888721312
2018-08-30_3,147.0797252747252,30.08680097680101,Dataset5,0.6406373020937598
2018-08-31_1,131.25876539408853,21.582561576354664,Dataset5,0.17355880041283425
2018-08-31_2,151.7939355932205,30.627506053268746,Dataset5,0.7798138317597294
2018-08-31_3,148.75922107186358,31.630791717417786,Dataset5,0.6902206640658043
2018-09-01_1,135.2010168168167,22.10932732732734,Dataset5,0.2899449679822868
2018-09-01_2,153.35168526100287,32.033996929375675,Dataset5,0.8258029112031483
2018-09-01_3,147.70629672446998,32.392838792549774,Dataset5,0.659135424593964
2018-09-02_1,133.74229090909108,23.074319749216293,Dataset5,0.2468793438681951
2018-09-02_2,151.36116879659215,31.648972310969167,Dataset5,0.7670373587472529
2018-09-02_3,149.00026470588227,32.36359781121749,Dataset5,0.697336938948403
2018-09-03_1,138.67397545626162,23.002674638137233,Dataset5,0.3924763143702585
2018-09-03_2,145.30114721811896,26.931575578532687,Dataset5,0.5881287577279429
2018-09-03_3,137.60971350030533,25.82960293219306,Dataset5,0.3610563573300749
2018-09-04_1,128.82706115879827,17.926325107296126,Dataset5,0.10176816448936932
2018-09-04_2,142.60151895734614,24.880222748815154,Dataset5,0.5084282634058181
2018-09-04_3,140.13638372093038,24.903078335373312,Dataset5,0.4356506518479287
2018-09-05_1,133.35811327913268,18.246357723577216,Dataset5,0.23553735746951157
2018-09-05_2,143.10806724303583,24.549514889529302,Dataset5,0.5233829700793717
2018-09-05_3,138.04705082669938,24.493625229638646,Dataset5,0.3739677650248305
2018-09-06_1,130.39062992545232,17.21487752928649,Dataset5,0.1479290398290313
2018-09-06_2,143.65145493358614,25.25956356736248,Dataset5,0.5394252778943815
2018-09-06_3,142.05196511627886,25.331389228886195,Dataset5,0.49220391376993666
2018-09-07_1,135.3565245989305,17.79075935828874,Dataset5,0.2945359878962135
2018-09-07_2,146.46182358535435,26.20145030908225,Dataset5,0.6223951349032165
2018-09-07_3,144.87043842364545,26.55431650246302,Dataset5,0.575413042632192
2018-09-08_1,136.04570474137907,18.913211206896534,Dataset5,0.31488249220137293
2018-09-08_2,139.25560460652582,21.845076775431835,Dataset5,0.4096476158645406
2018-09-08_3,130.5561703331239,20.593777498428654,Dataset5,0.1528162506029823
2018-09-09_1,125.37995314222715,17.062761852260195,Dataset5,0.0
2018-09-09_2,140.65057549445223,24.34615050651236,Dataset5,0.4508310154267014
2018-09-09_3,138.89763206388204,23.51117321867321,Dataset5,0.3990792761353182
2018-09-10_1,130.7797498669507,17.2658116019159,Dataset5,0.15941693693644277
2018-09-10_2,145.15606477541382,26.408624113475167,Dataset5,0.5838455226732949
2018-09-10_3,140.29966938553545,26.182838499184296,Dataset5,0.4404712963691916
2018-09-11_1,131.2317683962259,19.092806603773585,Dataset5,0.1727617743533098
2018-09-11_2,145.76057357859557,26.881718227424773,Dataset5,0.6016922948143856
2018-09-11_3,142.24546876895118,26.963602183141322,Dataset5,0.49791667689188807
2018-09-12_1,134.256595301655,20.632722904431436,Dataset5,0.2620630322726316
2018-09-12_2,145.12616438356144,28.181388757675954,Dataset5,0.5829627803914456
2018-09-12_3,140.63491097560956,27.015140243902483,Dataset5,0.4503685554972289
2018-09-13_1,131.7152601713065,20.18311563169164,Dataset5,0.18703578905175386
2018-09-13_2,144.94009260143227,27.50454892601429,Dataset5,0.5774694266469382
2018-09-13_3,141.9230380299252,27.081053615960105,Dataset5,0.48839762952584004
2018-09-14_1,132.05733922651933,20.680767955801148,Dataset5,0.19713490906537476
2018-09-14_2,142.41767778322694,26.463835213339873,Dataset5,0.5030007633803641
2018-09-14_3,136.8861807947021,23.338582781456978,Dataset5,0.33969567033004583
2018-09-15_1,127.76205202312114,17.757913294797678,Dataset5,0.0703261486368803
2018-09-15_2,141.77034870755182,24.80026862645717,Dataset5,0.48388981834024153
2018-09-15_3,135.32225869702708,22.843902593295347,Dataset5,0.2935243636812139
2018-09-16_1,128.17918381113023,18.373119730185486,Dataset5,0.08264103294331399
2018-09-16_2,141.39603576751136,26.161937406855436,Dataset5,0.4728390648769288
2018-09-16_3,137.75329915639205,25.963705386112913,Dataset5,0.3652954031031406
2018-09-17_1,129.29026249999993,19.608948863636385,Dataset5,0.11544314944965967
2018-09-17_2,143.023834951456,26.66564128768522,Dataset5,0.5208961998175741
2018-09-17_3,135.7577801556421,24.76131647211411,Dataset5,0.3063821619358424
2018-09-18_1,128.3145042396835,19.230898812888615,Dataset5,0.08663606633524068
2018-09-18_2,142.12767862481311,27.02742401594416,Dataset5,0.4944391859904589
2018-09-18_3,137.48832032724988,26.07550031466327,Dataset5,0.3574724950478357
2018-09-19_1,128.77689528508787,19.03145285087718,Dataset5,0.10028712912204973
2018-09-19_2,142.85446989721012,27.20107684777282,Dataset5,0.5158960748965135
2018-09-19_3,136.02327454659144,26.474265165728635,Dataset5,0.31422029080190916
2018-09-20_1,128.83796642417454,19.573111359820967,Dataset5,0.10209011809084538
2018-09-20_2,141.74511181951937,27.3338254046101,Dataset5,0.48314475559194936
2018-09-20_3,137.8158825887746,26.816065292096248,Dataset5,0.367143039153534
2018-09-21_1,129.48865297946926,18.818227341011536,Dataset5,0.12130018521723725
2018-09-21_2,144.29549803063458,27.41684901531734,Dataset5,0.5584392117553415
2018-09-21_3,137.79863743016764,27.003340782122915,Dataset5,0.3666339143656478
2018-09-22_1,128.49891687161838,19.30096409247415,Dataset5,0.09208043737625479
2018-09-22_2,145.97503039513708,29.018402084237902,Dataset5,0.6080236532971327
2018-09-22_3,141.51593830622565,28.17196859226019,Dataset5,0.47637891950982947
2018-09-23_1,133.7782013651877,19.642686494393,Dataset5,0.24793951987235868
2018-09-23_2,150.0376416007037,29.36674582233954,Dataset5,0.7279631746109196
2018-09-23_3,140.55999663677133,28.692595291479872,Dataset5,0.4481568769769009
2018-09-24_1,127.49502157920548,19.831039725355513,Dataset5,0.062442671238017264
2018-09-24_2,147.92614298056182,29.60082505399572,Dataset5,0.6656258942412081
2018-09-24_3,143.22936399108153,28.29986064659982,Dataset5,0.5269639856285795
2018-09-25_1,133.42621811100287,19.842035053554,Dataset5,0.23754800050679598
2018-09-25_2,147.81868504954792,27.855109866436862,Dataset5,0.6624534388535213
2018-09-25_3,142.48771238938062,27.516952433628315,Dataset5,0.5050683786928909
2018-09-26_1,135.17112481426454,20.691168895492847,Dataset5,0.2890624733757879
2018-09-26_2,145.44680752212398,25.949199115044266,Dataset5,0.5924290528467189
2018-09-26_3,139.55149856733524,24.049369627507104,Dataset5,0.41838322412813594
2018-09-27_1,134.96867359351242,18.955032944754183,Dataset5,0.2830855532921898
2018-09-27_2,144.6556150500218,25.636246193997383,Dataset5,0.5690708623703619
2018-09-27_3,140.05026734926037,24.045790671217276,Dataset5,0.4331082583298807
2018-09-28_1,133.78856381909563,17.036633165829173,Dataset5,0.24824544817769353
2018-09-28_2,145.97589760938212,24.74807848443842,Dataset5,0.6080492558606474
2018-09-28_3,139.75331137724547,22.98691017964077,Dataset5,0.42434129655762565
2018-09-29_1,131.84857881136944,15.960971576227383,Dataset5,0.19097172410983732
2018-09-29_2,145.48469075551418,24.572801501642353,Dataset5,0.5935474706939433
2018-09-29_3,140.9946234458262,23.5412907045589,Dataset5,0.4609882627016169
2018-09-30_1,136.18333967247753,16.49166402535656,Dataset5,0.3189458561111131
2018-09-30_2,147.77146058091304,24.340590133702182,Dataset5,0.6610592419009296
2018-09-30_3,143.72473341232228,23.633880331753574,Dataset5,0.5415886612991663
